VARIANTE.OUVIDA,CONJ.DADOS,FALANTE,FALANTE.VARIANTE,SEXO.FAL.VARIANTE,EXTROVERSAO,ESCOLARIZACAO,INTELIGENCIA,FORMALIDADE,AMIGABILIDADE,PAULISTANIDADE,SOTAQUE,CENTRALIDADE.BAIRRO,ZONA.SP,FAIXA.ETARIA,CLASSE.SOCIAL,OUVINTE.ID,SEXO.OUVINTE,IDADE.OUVINTE,FAIXA.ETARIA.OUVINTE,REGIAO.OUVINTE,ORIGEM.OUVINTE
T,Livia,Antonio,Antonio.T,Masc.T,5.1,6.8,4.5,6,3.8,2.3,7.9,6.1,oeste,30s,media,1o,masculino,29,1a,central,SaoPaulo.capital
R,Livia,Daniela,Daniela.R,Femin.R,9.4,4.7,5.7,2.5,3.4,7.4,6.4,3.5,leste,20s,media.baixa,1o,masculino,29,1a,central,SaoPaulo.capital
R,Livia,Paulo,Paulo.R,Masc.R,2.5,4,5.9,4.8,2.4,3.4,9,1.6,leste,20s,media.baixa,1o,masculino,29,1a,central,SaoPaulo.capital
T,Livia,Luisa,Luisa.T,Femin.T,5.7,4.8,5.3,6.4,6.9,7.9,6.5,7.6,centro,20s,media,1o,masculino,29,1a,central,SaoPaulo.capital
T,Livia,Antonio,Antonio.T,Masc.T,2.3,7.4,5,2.3,7.3,3.6,6.9,9.9,oeste,40s,media,2o,masculino,60,3a,central,SaoPaulo.capital
R,Livia,Daniela,Daniela.R,Femin.R,7.4,3.9,2.4,4.3,4.7,2.8,6.1,2.7,sul,30s,media,2o,masculino,60,3a,central,SaoPaulo.capital
R,Livia,Paulo,Paulo.R,Masc.R,4.7,2.9,7,2.7,2.9,2.2,8.5,6.3,norte,30s,media,2o,masculino,60,3a,central,SaoPaulo.capital
T,Livia,Luisa,Luisa.T,Femin.T,6.8,5.6,5.7,7.7,3.9,10,0.7,8.4,oeste,20s,media.alta,2o,masculino,60,3a,central,SaoPaulo.capital
R,Livia,Antonio,Antonio.R,Masc.R,8.6,6.2,7.8,3.9,7.6,4.7,5.8,7.3,centro,40s,media,3o,feminino,25,1a,central,SaoPaulo.capital
T,Livia,Daniela,Daniela.T,Femin.T,8.6,6.9,4.7,1.8,7,8.6,1.6,6.1,norte,30s,media,3o,feminino,25,1a,central,SaoPaulo.capital
T,Livia,Paulo,Paulo.T,Masc.T,7.1,7.9,9.5,8,2.9,4.9,4.9,5.1,oeste,30s,media,3o,feminino,25,1a,central,SaoPaulo.capital
R,Livia,Luisa,Luisa.R,Femin.R,5.6,4.1,5.8,3.3,5.1,7.3,6.8,2,sul,10s,media.baixa,3o,feminino,25,1a,central,SaoPaulo.capital
R,Livia,Antonio,Antonio.R,Masc.R,5.4,5.9,5.4,7.6,9.8,2.8,6.9,6.1,oeste,30s,media,4o,masculino,28,1a,central,SaoPaulo.interior
T,Livia,Daniela,Daniela.T,Femin.T,7.9,5.8,4.9,5.8,6.8,7.8,2.4,7.2,nao.sei,30s,media.baixa,4o,masculino,28,1a,central,SaoPaulo.interior
T,Livia,Paulo,Paulo.T,Masc.T,5,4.4,5.5,7.3,3.7,4.4,3.9,6.3,nao.sei,40s,media,4o,masculino,28,1a,central,SaoPaulo.interior
R,Livia,Luisa,Luisa.R,Femin.R,4.1,4.1,5.7,3.9,7.3,3.8,6.3,6.6,oeste,30s,media.alta,4o,masculino,28,1a,central,SaoPaulo.interior
T,Livia,Antonio,Antonio.T,Masc.T,5.1,3.7,4,5.6,6.9,5.3,2.1,4.5,centro,30s,media.baixa,5o,masculino,45,2a,periferica,outro.estado
R,Livia,Daniela,Daniela.R,Femin.R,8.3,7.5,6.1,7.2,8.2,5.9,4.9,6.3,leste,30s,media,5o,masculino,45,2a,periferica,outro.estado
R,Livia,Paulo,Paulo.R,Masc.R,2.7,3.4,8,5.3,3,9.4,5.7,3.3,leste,20s,baixa,5o,masculino,45,2a,periferica,outro.estado
T,Livia,Luisa,Luisa.T,Femin.T,4.9,6.3,7.1,5.7,5.1,7.6,9.8,5.1,centro,20s,media.baixa,5o,masculino,45,2a,periferica,outro.estado
T,Livia,Antonio,Antonio.T,Masc.T,9.8,9,9.7,1.1,9.1,4.3,5.4,6.5,sul,30s,media,6o,feminino,51,2a,periferica,SaoPaulo.capital
R,Livia,Daniela,Daniela.R,Femin.R,7.9,5.1,5.5,0.4,4.3,0.7,7.4,3.2,leste,30s,baixa,6o,feminino,51,2a,periferica,SaoPaulo.capital
R,Livia,Paulo,Paulo.R,Masc.R,5.7,4.1,4.6,6.4,3.8,5.4,7.8,5.2,oeste,20s,baixa,6o,feminino,51,2a,periferica,SaoPaulo.capital
T,Livia,Luisa,Luisa.T,Femin.T,4.7,5.1,5.7,3.2,5.9,4.6,5.1,5.6,norte,20s,baixa,6o,feminino,51,2a,periferica,SaoPaulo.capital
T,Livia,Antonio,Antonio.T,Masc.T,4,7.6,7.3,6.7,6.3,7.8,5,3.8,norte,30s,media.baixa,7o,feminino,28,1a,central,SaoPaulo.capital
R,Livia,Daniela,Daniela.R,Femin.R,9.4,4,2.9,3.6,2.5,6.4,9.5,1.1,leste,20s,baixa,7o,feminino,28,1a,central,SaoPaulo.capital
R,Livia,Paulo,Paulo.R,Masc.R,2.7,6,4.3,4.1,0.9,6.3,7.7,3.4,nao.sei,30s,media.baixa,7o,feminino,28,1a,central,SaoPaulo.capital
T,Livia,Luisa,Luisa.T,Femin.T,7,5.7,5.2,2.6,4.5,6.6,5.2,7.8,sul,20s,media,7o,feminino,28,1a,central,SaoPaulo.capital
T,Livia,Antonio,Antonio.T,Masc.T,9.5,7.4,9.1,1,2.3,9.9,3.8,6,nao.sei,20s,media,9o,feminino,18,1a,central,SaoPaulo.capital
R,Livia,Daniela,Daniela.R,Femin.R,4.2,6.9,5.5,2.1,7.2,3.8,6.4,7.1,nao.sei,10s,media,9o,feminino,18,1a,central,SaoPaulo.capital
R,Livia,Paulo,Paulo.R,Masc.R,5.3,3,4.5,5.1,2.4,5.1,4.5,2.2,norte,20s,baixa,9o,feminino,18,1a,central,SaoPaulo.capital
T,Livia,Luisa,Luisa.T,Femin.T,6.3,7.3,6.8,3,6.1,5.9,6,6.5,oeste,10s,media.alta,9o,feminino,18,1a,central,SaoPaulo.capital
T,Livia,Antonio,Antonio.T,Masc.T,7.6,7.5,6.9,6.1,5.7,7.7,3.2,6.5,centro,30s,media,10o,feminino,17,1a,central,SaoPaulo.capital
R,Livia,Daniela,Daniela.R,Femin.R,5.6,3.2,4.1,0.9,9.5,2.1,7.9,3,leste,10s,media.baixa,10o,feminino,17,1a,central,SaoPaulo.capital
R,Livia,Paulo,Paulo.R,Masc.R,4.1,4.9,2.5,0.5,5.3,5.6,6.9,5.6,nao.sei,10s,media.alta,10o,feminino,17,1a,central,SaoPaulo.capital
T,Livia,Luisa,Luisa.T,Femin.T,6.3,7.3,6.7,0.4,9.5,9.7,1.1,6.3,oeste,10s,media.alta,10o,feminino,17,1a,central,SaoPaulo.capital
T,Livia,Antonio,Antonio.T,Masc.T,4.6,4.4,4,5,6.2,2.9,7.3,2.6,nao.sei,30s,media,11o,masculino,20,1a,periferica,SaoPaulo.capital
R,Livia,Daniela,Daniela.R,Femin.R,9.8,4.0,7.8,5.9,7.8,8.2,1.2,4.8,oeste,20s,media.alta,11o,masculino,20,1a,periferica,SaoPaulo.capital
R,Livia,Paulo,Paulo.R,Masc.R,4.3,8.3,4.6,2.5,3.2,3.6,7.6,7.3,nao.sei,40s,alta,11o,masculino,20,1a,periferica,SaoPaulo.capital
T,Livia,Luisa,Luisa.T,Femin.T,7.6,1.3,8.5,2.4,6,8.9,0.5,8.7,oeste,30s,media.alta,11o,masculino,20,1a,periferica,SaoPaulo.capital
T,Livia,Antonio,Antonio.T,Masc.T,8,7,7.2,5,6.3,7.3,2.3,8.1,nao.sei,30s,media.alta,12o,masculino,29,1a,central,SaoPaulo.capital
R,Livia,Daniela,Daniela.R,Femin.R,4,4.2,5.2,0.4,4.2,0.5,9.2,2.7,leste,30s,media,12o,masculino,29,1a,central,SaoPaulo.capital
R,Livia,Paulo,Paulo.R,Masc.R,1.2,5.2,2.6,4.5,2.2,0.6,8.2,5.1,nao.sei,40s,media.baixa,12o,masculino,29,1a,central,SaoPaulo.capital
T,Livia,Luisa,Luisa.T,Femin.T,7.3,6,4.3,1.9,9.6,6.5,2.3,7.4,nao.sei,20s,media,12o,masculino,29,1a,central,SaoPaulo.capital
T,Livia,Antonio,Antonio.T,Masc.T,7.7,8.4,4.1,8.5,2.8,8.1,5.1,7.1,oeste,40s,media.alta,13o,feminino,29,1a,central,outro.estado
R,Livia,Daniela,Daniela.R,Femin.R,6.7,5.7,4.5,2.2,4.8,9,9.2,3.3,sul,30s,media,13o,feminino,29,1a,central,outro.estado
R,Livia,Paulo,Paulo.R,Masc.R,2.6,4.7,4.9,7.7,4.2,6.8,9.6,5.1,leste,30s,media.baixa,13o,feminino,29,1a,central,outro.estado
T,Livia,Luisa,Luisa.T,Femin.T,4,3.6,5,4.5,6.3,8.7,8.5,4.4,centro,20s,media,13o,feminino,29,1a,central,outro.estado
T,Livia,Antonio,Antonio.T,Masc.T,7.5,6.1,4.6,5.7,6,8.9,8.5,4.1,nao.sei,30s,media,14o,feminino,28,1a,central,SaoPaulo.interior
R,Livia,Daniela,Daniela.R,Femin.R,8.9,7.6,5.1,3.4,8.7,1,9.6,4.9,nao.sei,20s,media.alta,14o,feminino,28,1a,central,SaoPaulo.interior
R,Livia,Paulo,Paulo.R,Masc.R,4.6,4.8,5.7,3.2,1.9,2.2,7.7,4.1,nao.sei,20s,media,14o,feminino,28,1a,central,SaoPaulo.interior
T,Livia,Luisa,Luisa.T,Femin.T,6.4,6.5,7.2,2.8,6.9,9.1,6.4,4.2,nao.sei,30s,media.alta,14o,feminino,28,1a,central,SaoPaulo.interior
R,Livia,Antonio,Antonio.R,Masc.R,2.6,9.2,9,6.9,3.4,9.2,1.1,9,centro,30s,media,15o,feminino,45,2a,central,SaoPaulo.capital
T,Livia,Daniela,Daniela.T,Femin.T,9.7,4.1,2,1.3,2.2,9.8,1.6,7.4,norte,20s,media,15o,feminino,45,2a,central,SaoPaulo.capital
T,Livia,Paulo,Paulo.T,Masc.T,5.7,5,2.6,3.8,6.2,3.7,1.4,0.7,sul,30s,media.baixa,15o,feminino,45,2a,central,SaoPaulo.capital
R,Livia,Luisa,Luisa.R,Femin.R,3.8,4,4.2,4.9,7.4,1.7,9.5,5.4,centro,20s,media.baixa,15o,feminino,45,2a,central,SaoPaulo.capital
R,Livia,Antonio,Antonio.R,Masc.R,6.6,6.2,4.3,5.4,7.5,2.1,8,6,nao.sei,30s,media,16o,feminino,24,1a,periferica,outro.estado
T,Livia,Daniela,Daniela.T,Femin.T,7.8,5.1,4.3,3.6,5.4,7.3,2.1,2.7,nao.sei,30s,baixa,16o,feminino,24,1a,periferica,outro.estado
T,Livia,Paulo,Paulo.T,Masc.T,2.8,5.5,5.9,3,5,7.6,2.9,5.5,nao.sei,40s,media.baixa,16o,feminino,24,1a,periferica,outro.estado
R,Livia,Luisa,Luisa.R,Femin.R,4.4,5.1,5.8,2.3,4.3,5.0,7.7,4.0,nao.sei,30s,media,16o,feminino,24,1a,periferica,outro.estado
R,Livia,Antonio,Antonio.R,Masc.R,7.6,9.1,7.6,7.8,4.4,4.5,3.6,6.3,sul,30s,media,17o,masculino,24,1a,central,SaoPaulo.interior
T,Livia,Daniela,Daniela.T,Femin.T,8.2,5.2,4.6,2.1,6,5,6.9,2.4,nao.sei,10s,media,17o,masculino,24,1a,central,SaoPaulo.interior
T,Livia,Paulo,Paulo.T,Masc.T,4.5,5.6,4.9,5.4,4.5,4.7,5.6,5.7,nao.sei,20s,media,17o,masculino,24,1a,central,SaoPaulo.interior
R,Livia,Luisa,Luisa.R,Femin.R,6.7,4.7,5.8,4.2,6.6,1.8,8.8,5.1,nao.sei,10s,media,17o,masculino,24,1a,central,SaoPaulo.interior
R,Livia,Antonio,Antonio.R,Masc.R,6.9,9,9.7,6.6,6.4,9.7,6.9,8.7,nao.sei,30s,media.alta,18o,feminino,21,1a,central,SaoPaulo.capital
T,Livia,Daniela,Daniela.T,Femin.T,5.5,7.3,4.6,4,5.8,7.9,2.4,4,nao.sei,20s,media,18o,feminino,21,1a,central,SaoPaulo.capital
T,Livia,Paulo,Paulo.T,Masc.T,3.4,5.4,5.4,2.7,3.7,4.8,3.6,6,nao.sei,30s,media,18o,feminino,21,1a,central,SaoPaulo.capital
R,Livia,Luisa,Luisa.R,Femin.R,1.6,4.8,3.1,0.4,8.9,3.9,6.9,3,nao.sei,10s,media,18o,feminino,21,1a,central,SaoPaulo.capital
R,Livia,Antonio,Antonio.R,Masc.R,7.4,4.1,4.1,3.6,1.8,9,0.2,8,sul,30s,media.alta,19o,feminino,21,1a,central,SaoPaulo.capital
T,Livia,Daniela,Daniela.T,Femin.T,6.7,4.1,5.8,0.8,4.8,7.9,1,4.4,oeste,20s,media.alta,19o,feminino,21,1a,central,SaoPaulo.capital
T,Livia,Paulo,Paulo.T,Masc.T,4,4.2,5.4,3,2.1,4.7,1,2.3,sul,30s,media,19o,feminino,21,1a,central,SaoPaulo.capital
R,Livia,Luisa,Luisa.R,Femin.R,4.7,4.7,5.4,2.8,7.3,3.1,7.1,2.2,leste,10s,media.baixa,19o,feminino,21,1a,central,SaoPaulo.capital
R,Livia,Antonio,Antonio.R,Masc.R,7.1,6.8,6.9,4.5,6.1,4.9,7,6.2,sul,30s,media,20o,masculino,29,1a,central,SaoPaulo.interior
T,Livia,Daniela,Daniela.T,Femin.T,9.6,4.3,4.8,2.2,7.6,7.4,3.5,6.2,oeste,20s,media,20o,masculino,29,1a,central,SaoPaulo.interior
T,Livia,Paulo,Paulo.T,Masc.T,2.8,4.2,5.1,7.8,4,9.8,4.3,2.6,leste,30s,media.baixa,20o,masculino,29,1a,central,SaoPaulo.interior
R,Livia,Luisa,Luisa.R,Femin.R,3.4,4.2,5.6,2.6,5.1,4.7,7.3,8,oeste,20s,media,20o,masculino,29,1a,central,SaoPaulo.interior
R,Livia,Antonio,Antonio.R,Masc.R,6.2,9.1,9.4,9.7,3.7,9.8,2.6,9.1,nao.sei,40s,media.alta,21o,feminino,21,1a,periferica,SaoPaulo.capital
T,Livia,Daniela,Daniela.T,Femin.T,8.3,3.7,4,3.8,6.8,6,8,1.7,nao.sei,30s,media.baixa,21o,feminino,21,1a,periferica,SaoPaulo.capital
T,Livia,Paulo,Paulo.T,Masc.T,2.7,4.7,6,6.7,1.8,7.1,5.3,4.2,nao.sei,20s,media,21o,feminino,21,1a,periferica,SaoPaulo.capital
R,Livia,Luisa,Luisa.R,Femin.R,2.4,3.4,4.9,1.1,2.2,4.3,6.4,3.3,nao.sei,20s,baixa,21o,feminino,21,1a,periferica,SaoPaulo.capital
T,Livia,Antonio,Antonio.T,Masc.T,4.3,7.1,7.9,6.6,2.1,2.7,6.7,3.2,nao.sei,20s,media.alta,22o,feminino,21,1a,periferica,SaoPaulo.capital
R,Livia,Daniela,Daniela.R,Femin.R,9.5,2.1,4.3,2,2.3,6.7,6.6,3.9,leste,40s,media.baixa,22o,feminino,21,1a,periferica,SaoPaulo.capital
R,Livia,Paulo,Paulo.R,Masc.R,6.2,2.6,6,2.2,7.2,6.8,7,7.8,nao.sei,40s,media,22o,feminino,21,1a,periferica,SaoPaulo.capital
T,Livia,Luisa,Luisa.T,Femin.T,2.7,7.7,3.6,3.8,5.7,6.1,3.1,8,sul,20s,media,22o,feminino,21,1a,periferica,SaoPaulo.capital
T,Livia,Antonio,Antonio.T,Masc.T,3.4,9.2,6.6,2.3,7.6,7.9,4.8,8.5,centro,30s,media.alta,23o,masculino,23,1a,central,SaoPaulo.capital
R,Livia,Daniela,Daniela.R,Femin.R,7.4,4.5,9,5.3,8.9,5.6,9.9,0.9,nao.sei,20s,alta,23o,masculino,23,1a,central,SaoPaulo.capital
R,Livia,Paulo,Paulo.R,Masc.R,7,5.8,4.7,7.6,7.3,4,6.6,1.9,nao.sei,30s,media.baixa,23o,masculino,23,1a,central,SaoPaulo.capital
T,Livia,Luisa,Luisa.T,Femin.T,5.9,6,7.4,5,9.4,5.2,1.7,9.8,centro,20s,media.alta,23o,masculino,23,1a,central,SaoPaulo.capital
T,Livia,Antonio,Antonio.T,Masc.T,7.9,7.7,6.8,6,2.4,7.5,4.2,5.8,norte,30s,media,24o,masculino,23,1a,central,grande.SP
R,Livia,Daniela,Daniela.R,Femin.R,6.2,4.3,2.3,8.9,7.4,3.9,4.8,2.2,leste,20s,media.baixa,24o,masculino,23,1a,central,grande.SP
R,Livia,Paulo,Paulo.R,Masc.R,3.2,3.8,5.1,6.6,3.9,2.5,7.1,2.7,leste,20s,media.baixa,24o,masculino,23,1a,central,grande.SP
T,Livia,Luisa,Luisa.T,Femin.T,5,3.8,4.8,2.1,6.5,6.6,5.6,5.2,sul,20s,media,24o,masculino,23,1a,central,grande.SP
R,Livia,Antonio,Antonio.R,Masc.R,5.8,4.6,4.7,4.3,4.3,4.2,6.5,4,nao.sei,30s,media,27o,masculino,24,1a,central,outro.estado
T,Livia,Daniela,Daniela.T,Femin.T,6.2,6,5.7,4.5,4.5,5.3,5.1,4.2,nao.sei,20s,media,27o,masculino,24,1a,central,outro.estado
T,Livia,Paulo,Paulo.T,Masc.T,6,4.6,5.7,4.2,5.4,4.7,7.8,2.4,nao.sei,30s,media.baixa,27o,masculino,24,1a,central,outro.estado
R,Livia,Luisa,Luisa.R,Femin.R,4.6,4.8,5.2,5.6,4.4,4.3,7.2,4.2,nao.sei,20s,media.alta,27o,masculino,24,1a,central,outro.estado
R,Livia,Antonio,Antonio.R,Masc.R,6,6.6,5.1,6.8,8,7.3,4.5,9.8,sul,30s,media,28o,masculino,23,1a,periferica,SaoPaulo.capital
T,Livia,Daniela,Daniela.T,Femin.T,9.5,4.2,5.5,2.9,7.9,4.3,4.1,7.8,nao.sei,40s,media.baixa,28o,masculino,23,1a,periferica,SaoPaulo.capital
T,Livia,Paulo,Paulo.T,Masc.T,2.2,4.3,5.4,4,2.3,5.7,3.9,2.1,leste,20s,media.baixa,28o,masculino,23,1a,periferica,SaoPaulo.capital
R,Livia,Luisa,Luisa.R,Femin.R,4.5,5.5,6.8,3.8,6.8,6.6,6.6,7.8,sul,10s,media,28o,masculino,23,1a,periferica,SaoPaulo.capital
R,Livia,Antonio,Antonio.R,Masc.R,6,4.9,5.7,4.2,5.1,5.7,4.5,6.6,centro,30s,media,29o,masculino,28,1a,central,SaoPaulo.capital
T,Livia,Daniela,Daniela.T,Femin.T,6.7,4.2,4.5,5.8,4.2,7.4,5.2,4.7,nao.sei,20s,media,29o,masculino,28,1a,central,SaoPaulo.capital
T,Livia,Paulo,Paulo.T,Masc.T,5.3,4.3,5.5,3.5,6.5,4.7,4.2,4.5,nao.sei,30s,media,29o,masculino,28,1a,central,SaoPaulo.capital
R,Livia,Luisa,Luisa.R,Femin.R,4.7,4.4,5.8,2.9,4.7,4.2,5,2.7,nao.sei,20s,media.baixa,29o,masculino,28,1a,central,SaoPaulo.capital
R,Livia,Antonio,Antonio.R,Masc.R,6,9.4,8.4,3.6,9.3,6.2,0.7,9.7,centro,40s,media,30o,feminino,21,1a,periferica,SaoPaulo.capital
T,Livia,Daniela,Daniela.T,Femin.T,8.6,4.4,6.4,1.3,9.7,9,6.7,10,sul,30s,media.alta,30o,feminino,21,1a,periferica,SaoPaulo.capital
T,Livia,Paulo,Paulo.T,Masc.T,3,8.1,8.4,6.3,2.7,4.4,5,4.2,nao.sei,40s,media,30o,feminino,21,1a,periferica,SaoPaulo.capital
R,Livia,Luisa,Luisa.R,Femin.R,2.9,6.6,5,5.6,4.1,3.1,6.5,3.9,oeste,20s,media.baixa,30o,feminino,21,1a,periferica,SaoPaulo.capital
R,Livia,Antonio,Antonio.R,Masc.R,5.8,7.3,6.3,3.4,6.3,3.2,1.9,7.1,nao.sei,30s,media.alta,31o,feminino,21,1a,periferica,SaoPaulo.capital
T,Livia,Daniela,Daniela.T,Femin.T,8.9,3.9,4.5,1.9,4.4,5.9,4.2,3.5,nao.sei,20s,media,31o,feminino,21,1a,periferica,SaoPaulo.capital
T,Livia,Paulo,Paulo.T,Masc.T,2.3,2.7,5.2,6.9,3.5,4.9,5.8,2.9,nao.sei,30s,media.baixa,31o,feminino,21,1a,periferica,SaoPaulo.capital
R,Livia,Luisa,Luisa.R,Femin.R,2.7,7.7,4.3,7.2,9.3,5,5.1,7.9,nao.sei,30s,media,31o,feminino,21,1a,periferica,SaoPaulo.capital
R,Livia,Antonio,Antonio.R,Masc.R,3.4,10,7.1,4.7,8,5.4,0.8,8.3,nao.sei,30s,media,32o,feminino,21,1a,periferica,SaoPaulo.capital
T,Livia,Daniela,Daniela.T,Femin.T,9.5,7,6.7,3.9,6.1,4.8,3.2,6.4,nao.sei,20s,media,32o,feminino,21,1a,periferica,SaoPaulo.capital
T,Livia,Paulo,Paulo.T,Masc.T,4.3,4.2,5.6,4.2,0.1,6,7.4,3.2,leste,30s,media.baixa,32o,feminino,21,1a,periferica,SaoPaulo.capital
R,Livia,Luisa,Luisa.R,Femin.R,6.3,7,7.5,2.7,7.4,4.1,4.4,6.9,norte,20s,media.alta,32o,feminino,21,1a,periferica,SaoPaulo.capital
T,Livia,Antonio,Antonio.T,Masc.T,7.3,6.1,7.3,0.4,9.5,6.4,1.9,6.7,centro,40s,media.alta,33o,feminino,18,1a,periferica,SaoPaulo.capital
R,Livia,Daniela,Daniela.R,Femin.R,6.1,3.9,2.3,0.8,7.4,0.5,8.9,1.3,leste,30s,baixa,33o,feminino,18,1a,periferica,SaoPaulo.capital
R,Livia,Paulo,Paulo.R,Masc.R,2.9,0.3,1.5,1.3,5,2.8,2.3,2.2,nao.sei,30s,baixa,33o,feminino,18,1a,periferica,SaoPaulo.capital
T,Livia,Luisa,Luisa.T,Femin.T,4.2,6,2.8,1.1,4,9.1,3.5,1.9,leste,20s,baixa,33o,feminino,18,1a,periferica,SaoPaulo.capital
T,Livia,Antonio,Antonio.T,Masc.T,5.4,5.7,4.1,6.7,8.4,3.2,7.6,3,nao.sei,40s,media,34o,masculino,21,1a,periferica,SaoPaulo.capital
R,Livia,Daniela,Daniela.R,Femin.R,6.1,5.2,5.6,1.8,5.7,7.7,4,4.2,nao.sei,20s,media,34o,masculino,21,1a,periferica,SaoPaulo.capital
R,Livia,Paulo,Paulo.R,Masc.R,2.2,5.3,5,3.1,3.5,4.5,0.8,3.8,leste,30s,media.baixa,34o,masculino,21,1a,periferica,SaoPaulo.capital
T,Livia,Luisa,Luisa.T,Femin.T,2.6,5.3,4.8,7.6,5.6,6.2,2.5,4.6,nao.sei,20s,media,34o,masculino,21,1a,periferica,SaoPaulo.capital
R,Livia,Antonio,Antonio.R,Masc.R,4.3,7,4.4,2.5,4.5,6,3.3,4.6,norte,20s,media,35o,masculino,23,1a,central,SaoPaulo.interior
T,Livia,Daniela,Daniela.T,Femin.T,6.7,5,5.4,0.7,5.8,7.1,7.7,5.1,nao.sei,20s,media,35o,masculino,23,1a,central,SaoPaulo.interior
T,Livia,Paulo,Paulo.T,Masc.T,2.7,4.8,4,4.1,2.4,7.3,7.5,5.3,NA,20s,media.alta,35o,masculino,23,1a,central,SaoPaulo.interior
R,Livia,Luisa,Luisa.R,Femin.R,3.2,5.1,4.8,4.4,6.4,4.7,4.4,5.2,nao.sei,20s,NA,35o,masculino,23,1a,central,SaoPaulo.interior
R,Livia,Antonio,Antonio.R,Masc.R,6.9,6.4,6.9,2.3,6.3,7.3,3.4,6.9,nao.sei,30s,media,36o,masculino,23,1a,periferica,SaoPaulo.capital
T,Livia,Daniela,Daniela.T,Femin.T,5,6.2,5.2,2.4,7,7.9,4,4.2,sul,30s,media,36o,masculino,23,1a,periferica,SaoPaulo.capital
T,Livia,Paulo,Paulo.T,Masc.T,7.7,6,6.5,3.2,3.8,5.5,4.3,3.7,nao.sei,30s,media,36o,masculino,23,1a,periferica,SaoPaulo.capital
R,Livia,Luisa,Luisa.R,Femin.R,3.5,6.9,4.8,5.8,7.5,5.8,2.7,5.7,nao.sei,20s,media,36o,masculino,23,1a,periferica,SaoPaulo.capital
R,Livia,Antonio,Antonio.R,Masc.R,6,4.3,4.9,1.5,6.1,3.7,5.4,6.5,leste,30s,media,37o,feminino,22,1a,central,SaoPaulo.capital
T,Livia,Daniela,Daniela.T,Femin.T,6.3,5.1,4.8,2.4,4.2,3.2,7.6,5.1,sul,30s,media,37o,feminino,22,1a,central,SaoPaulo.capital
T,Livia,Paulo,Paulo.T,Masc.T,6.8,2.8,3.2,7.9,1.2,2.1,5.8,2.7,leste,40s,media.baixa,37o,feminino,22,1a,central,SaoPaulo.capital
R,Livia,Luisa,Luisa.R,Femin.R,4.2,3.4,4.4,0.9,7.9,1.2,8.7,3.3,nao.sei,30s,media,37o,feminino,22,1a,central,SaoPaulo.capital
R,Livia,Antonio,Antonio.R,Masc.R,7.6,5.4,4.7,5.9,2.4,7.8,5.3,7.6,nao.sei,30s,media,38o,masculino,25,1a,central,outro.estado
T,Livia,Daniela,Daniela.T,Femin.T,6.6,6,4.3,2,4.4,6.9,4.3,4.1,nao.sei,30s,media,38o,masculino,25,1a,central,outro.estado
T,Livia,Paulo,Paulo.T,Masc.T,5.8,3.4,4.1,7.6,8.5,2.4,2.4,3.6,nao.sei,20s,media.baixa,38o,masculino,25,1a,central,outro.estado
R,Livia,Luisa,Luisa.R,Femin.R,2.8,7.2,7.4,3.5,7.3,7.9,9.1,7.6,centro,20s,media.alta,38o,masculino,25,1a,central,outro.estado
T,Livia,Antonio,Antonio.T,Masc.T,6.3,8.7,8.8,3.2,7.3,6.9,3.5,9.5,nao.sei,40s,media.alta,39o,feminino,19,1a,periferica,SaoPaulo.capital
R,Livia,Daniela,Daniela.R,Femin.R,7.3,7.8,4.8,4.7,4.2,6.7,8,2.9,norte,20s,media,39o,feminino,19,1a,periferica,SaoPaulo.capital
R,Livia,Paulo,Paulo.R,Masc.R,5.9,2.2,2.4,1.7,3.8,6.9,9.8,2.4,leste,20s,baixa,39o,feminino,19,1a,periferica,SaoPaulo.capital
T,Livia,Luisa,Luisa.T,Femin.T,5.8,5.5,6,1.1,5.4,7.1,6.3,4.3,nao.sei,30s,media,39o,feminino,19,1a,periferica,SaoPaulo.capital
R,Livia,Antonio,Antonio.R,Masc.R,5.9,9.4,7.1,5.2,7.4,6,6.9,8.2,centro,30s,media.alta,40o,masculino,25,1a,central,outro.estado
T,Livia,Daniela,Daniela.T,Femin.T,7.6,5,2.4,10,3.3,8.1,2.3,9.6,centro,20s,media.alta,40o,masculino,25,1a,central,outro.estado
T,Livia,Paulo,Paulo.T,Masc.T,3.5,7,6.2,5.6,7.9,4,2.5,4.9,norte,30s,media,40o,masculino,25,1a,central,outro.estado
R,Livia,Luisa,Luisa.R,Femin.R,4.3,5.6,7.8,2.7,10,5.9,7.6,6.1,oeste,20s,media,40o,masculino,25,1a,central,outro.estado
R,Livia,Antonio,Antonio.R,Masc.R,3.0,6.3,8,5.3,5.6,6.4,0.5,3.8,nao.sei,30s,media,42o,masculino,18,1a,periferica,SaoPaulo.capital
T,Livia,Daniela,Daniela.T,Femin.T,7.7,4.7,4.3,2.6,6.6,5.1,6.7,4.7,nao.sei,20s,media,42o,masculino,18,1a,periferica,SaoPaulo.capital
T,Livia,Paulo,Paulo.T,Masc.T,7.7,4.5,4.9,4,3.4,6.1,4.3,4.4,nao.sei,30s,media.baixa,42o,masculino,18,1a,periferica,SaoPaulo.capital
R,Livia,Luisa,Luisa.R,Femin.R,7.2,3.8,2.3,3.3,6.8,5.8,9.3,0.4,leste,30s,media.baixa,42o,masculino,18,1a,periferica,SaoPaulo.capital
R,Livia,Antonio,Antonio.R,Masc.R,3.1,7,7.6,4.9,6.5,2.6,6.5,7,sul,30s,media.alta,43o,masculino,19,1a,periferica,SaoPaulo.capital
T,Livia,Daniela,Daniela.T,Femin.T,7.3,7.6,5.2,1.9,9.3,9,4.2,3.5,sul,20s,media,43o,masculino,19,1a,periferica,SaoPaulo.capital
T,Livia,Paulo,Paulo.T,Masc.T,0.9,0.2,2.9,8.6,1.7,6.3,7.5,1.4,norte,20s,media.baixa,43o,masculino,19,1a,periferica,SaoPaulo.capital
R,Livia,Luisa,Luisa.R,Femin.R,3,0.8,4.4,0,3.6,4.4,4.6,0.2,leste,20s,baixa,43o,masculino,19,1a,periferica,SaoPaulo.capital
R,Livia,Antonio,Antonio.R,Masc.R,7.1,6.9,6.3,6,9.2,2.7,7.1,6.5,nao.sei,40s,media,44o,masculino,19,1a,periferica,SaoPaulo.capital
T,Livia,Daniela,Daniela.T,Femin.T,6.5,6.0,4.9,3.8,8.4,7.7,7.9,6.3,oeste,20s,media,44o,masculino,19,1a,periferica,SaoPaulo.capital
T,Livia,Paulo,Paulo.T,Masc.T,3.9,4.9,7.5,7.2,3.5,6.9,4.6,4.3,nao.sei,20s,media.alta,44o,masculino,19,1a,periferica,SaoPaulo.capital
R,Livia,Luisa,Luisa.R,Femin.R,5.5,2.2,5.6,3,7.2,3.2,6.5,0.4,NA,20s,media.baixa,44o,masculino,19,1a,periferica,SaoPaulo.capital
T,Larissa,Antonio,Antonio.T,Masc.T,6.2,6.2,7.2,2.9,6.8,9.5,0.5,6.4,nao.sei,40s,media,45o,feminino,20,1a,periferica,SaoPaulo.capital
R,Larissa,Daniela,Daniela.R,Femin.R,9.8,5.1,5.3,0.9,9.6,3.7,7.1,4.6,nao.sei,20s,media.baixa,45o,feminino,20,1a,periferica,SaoPaulo.capital
R,Larissa,Paulo,Paulo.R,Masc.R,5.6,5.4,7.2,3.2,2.6,5.1,6.6,2.4,nao.sei,40s,media.baixa,45o,feminino,20,1a,periferica,SaoPaulo.capital
T,Larissa,Luisa,Luisa.T,Femin.T,6.9,6,3.8,0.5,9.1,3.9,6.4,2.7,nao.sei,20s,media,45o,feminino,20,1a,periferica,SaoPaulo.capital
T,Larissa,Antonio,Antonio.T,Masc.T,2.1,4.7,7.3,5.6,2.1,8.3,1.9,4.6,sul,20s,media,46o,masculino,25,1a,periferica,SaoPaulo.capital
R,Larissa,Daniela,Daniela.R,Femin.R,0.3,2.1,5.5,6.3,3,8.9,2.9,4,oeste,20s,media.baixa,46o,masculino,25,1a,periferica,SaoPaulo.capital
R,Larissa,Paulo,Paulo.R,Masc.R,5.2,2.7,5.0,3.9,6.5,3.7,6.4,5.9,leste,30s,media,46o,masculino,25,1a,periferica,SaoPaulo.capital
T,Larissa,Luisa,Luisa.T,Femin.T,3,5.3,2.2,5.5,3.9,7.5,0.4,3,centro,20s,media.baixa,46o,masculino,25,1a,periferica,SaoPaulo.capital
T,Larissa,Antonio,Antonio.T,Masc.T,6.9,9.8,8.6,7.4,1.5,9.5,5.2,8.6,norte,30s,media.alta,47o,feminino,28,1a,periferica,SaoPaulo.capital
R,Larissa,Daniela,Daniela.R,Femin.R,4.7,6.5,2.7,6.3,6.9,9.2,0.7,3.1,sul,20s,media,47o,feminino,28,1a,periferica,SaoPaulo.capital
R,Larissa,Paulo,Paulo.R,Masc.R,0.7,6.3,6,3.8,1,8,7,1.3,nao.sei,30s,media,47o,feminino,28,1a,periferica,SaoPaulo.capital
T,Larissa,Luisa,Luisa.T,Femin.T,0.8,6.4,4.3,8.1,6,8,5.9,7.4,oeste,20s,media,47o,feminino,28,1a,periferica,SaoPaulo.capital
T,Larissa,Antonio,Antonio.T,Masc.T,4.4,7.2,6.9,2.8,6.8,7,7.8,5.6,nao.sei,20s,media,48o,feminino,20,1a,periferica,SaoPaulo.interior
R,Larissa,Daniela,Daniela.R,Femin.R,7.5,3.3,7.0,0.7,7.5,0,8.8,3.4,nao.sei,20s,baixa,48o,feminino,20,1a,periferica,SaoPaulo.interior
R,Larissa,Paulo,Paulo.R,Masc.R,4.6,5.2,5.1,2.3,7.1,0.2,6.1,3.5,nao.sei,20s,media.baixa,48o,feminino,20,1a,periferica,SaoPaulo.interior
T,Larissa,Luisa,Luisa.T,Femin.T,6.9,3.1,4.7,3.8,6.8,4.6,5.3,5.3,nao.sei,10s,media.alta,48o,feminino,20,1a,periferica,SaoPaulo.interior
T,Larissa,Antonio,Antonio.T,Masc.T,7.7,9.9,7.8,2.5,4.1,8.7,2,6.6,nao.sei,30s,media,49o,feminino,20,1a,periferica,grande.SP
R,Larissa,Daniela,Daniela.R,Femin.R,8.9,5.9,7.8,1.2,4.4,7.7,1,6.8,centro,20s,media,49o,feminino,20,1a,periferica,grande.SP
R,Larissa,Paulo,Paulo.R,Masc.R,4.1,5.6,5.6,0.1,3.8,4.3,6.9,2.7,nao.sei,30s,media.baixa,49o,feminino,20,1a,periferica,grande.SP
T,Larissa,Luisa,Luisa.T,Femin.T,6.8,6.4,7.6,8,6.2,7.2,3.1,7.4,centro,20s,media,49o,feminino,20,1a,periferica,grande.SP
T,Larissa,Antonio,Antonio.T,Masc.T,5.7,6.9,6.4,6.4,8,2.2,7.6,6.9,oeste,40s,media,50o,masculino,21,1a,periferica,SaoPaulo.capital
R,Larissa,Daniela,Daniela.R,Femin.R,6.6,4.9,4.2,0.5,6.3,7.8,2.9,5.6,sul,20s,media,50o,masculino,21,1a,periferica,SaoPaulo.capital
R,Larissa,Paulo,Paulo.R,Masc.R,5.1,3.6,3.2,0,6.6,7.3,2.8,0.6,leste,30s,media.baixa,50o,masculino,21,1a,periferica,SaoPaulo.capital
T,Larissa,Luisa,Luisa.T,Femin.T,3.6,5.3,5.1,2.5,3.7,6.3,3,7.8,nao.sei,20s,media.alta,50o,masculino,21,1a,periferica,SaoPaulo.capital
T,Larissa,Antonio,Antonio.T,Masc.T,4.6,0.3,2,0.2,6.7,2.3,6.6,3.7,nao.sei,30s,media.baixa,51o,feminino,21,1a,periferica,SaoPaulo.capital
R,Larissa,Daniela,Daniela.R,Femin.R,2.6,3.0,7,0.1,5.1,9.6,7.2,9.6,norte,20s,media,51o,feminino,21,1a,periferica,SaoPaulo.capital
R,Larissa,Paulo,Paulo.R,Masc.R,4.1,4.3,4.1,5.5,4.6,5.6,6,9,nao.sei,30s,media,51o,feminino,21,1a,periferica,SaoPaulo.capital
T,Larissa,Luisa,Luisa.T,Femin.T,2.7,9.6,6.5,1.2,9.1,9.4,3.8,9.8,sul,30s,media.alta,51o,feminino,21,1a,periferica,SaoPaulo.capital
T,Larissa,Antonio,Antonio.T,Masc.T,2.5,7.0,3.3,1.9,5.9,8.5,5.1,1.3,nao.sei,20s,media,52o,masculino,19,1a,periferica,SaoPaulo.capital
R,Larissa,Daniela,Daniela.R,Femin.R,7.4,4.9,6.4,2.8,2.1,5.6,7.2,7.9,nao.sei,20s,media.alta,52o,masculino,19,1a,periferica,SaoPaulo.capital
R,Larissa,Paulo,Paulo.R,Masc.R,2.4,4.2,4,2.6,2.5,6.6,9.2,3.5,sul,20s,media,52o,masculino,19,1a,periferica,SaoPaulo.capital
T,Larissa,Luisa,Luisa.T,Femin.T,2.6,4.7,4.9,0.8,7.9,4.4,6,5.6,nao.sei,30s,media,52o,masculino,19,1a,periferica,SaoPaulo.capital
T,Larissa,Antonio,Antonio.T,Masc.T,1.4,6.3,5.9,5.1,5.2,6.4,1.1,9.1,oeste,30s,media.alta,53o,masculino,22,1a,periferica,SaoPaulo.capital
R,Larissa,Daniela,Daniela.R,Femin.R,5.4,5.2,7.5,6.4,7.7,7.8,0,4.9,sul,20s,media,53o,masculino,22,1a,periferica,SaoPaulo.capital
R,Larissa,Paulo,Paulo.R,Masc.R,2.3,4.4,2.5,8.8,5.1,3.7,7.7,4.6,norte,30s,media.baixa,53o,masculino,22,1a,periferica,SaoPaulo.capital
T,Larissa,Luisa,Luisa.T,Femin.T,4.7,7,5.5,7.1,3.7,6.5,2.2,3.7,norte,30s,media,53o,masculino,22,1a,periferica,SaoPaulo.capital
T,Larissa,Antonio,Antonio.T,Masc.T,6.6,6.4,5.8,3.6,6.2,7.4,2.7,9.9,nao.sei,30s,media,54o,feminino,23,1a,central,SaoPaulo.capital
R,Larissa,Daniela,Daniela.R,Femin.R,8.2,8,5.8,2.5,6.7,7.5,0.1,7.4,sul,20s,media,54o,feminino,23,1a,central,SaoPaulo.capital
R,Larissa,Paulo,Paulo.R,Masc.R,4.3,2.4,3.9,0.8,5.1,4.4,6.3,4,leste,30s,media.baixa,54o,feminino,23,1a,central,SaoPaulo.capital
T,Larissa,Luisa,Luisa.T,Femin.T,6.5,3.9,6,2.8,5.7,3.8,6.5,3.1,norte,30s,media.baixa,54o,feminino,23,1a,central,SaoPaulo.capital
T,Larissa,Antonio,Antonio.T,Masc.T,4.3,6.4,6.9,6.4,7.5,8,0.4,9.7,nao.sei,30s,media,55o,feminino,40,2a,central,SaoPaulo.capital
R,Larissa,Daniela,Daniela.R,Femin.R,7,2.5,2.1,0.8,8.2,1.6,9.5,2.9,norte,20s,media,55o,feminino,40,2a,central,SaoPaulo.capital
R,Larissa,Paulo,Paulo.R,Masc.R,5.2,3,2.4,0.4,2.4,0.3,8.9,1.4,leste,30s,media.baixa,55o,feminino,40,2a,central,SaoPaulo.capital
T,Larissa,Luisa,Luisa.T,Femin.T,6.7,6.1,7,0.1,9.9,8,0.7,7.3,oeste,20s,media,55o,feminino,40,2a,central,SaoPaulo.capital
T,Larissa,Antonio,Antonio.T,Masc.T,7.9,2.6,7.6,3.1,0.6,9,0.1,1.4,sul,40s,media,56o,masculino,28,1a,central,SaoPaulo.capital
R,Larissa,Daniela,Daniela.R,Femin.R,9.8,4.7,2.3,2.7,0.4,1.7,9.6,1.5,leste,20s,media.baixa,56o,masculino,28,1a,central,SaoPaulo.capital
R,Larissa,Paulo,Paulo.R,Masc.R,7.7,7.3,6,5.5,7.3,9.9,8.9,9.4,norte,30s,media.alta,56o,masculino,28,1a,central,SaoPaulo.capital
T,Larissa,Luisa,Luisa.T,Femin.T,1.7,7.3,5.7,0.8,4.7,9.7,9.6,0.5,centro,10s,media,56o,masculino,28,1a,central,SaoPaulo.capital
T,Larissa,Antonio,Antonio.T,Masc.T,3.4,8.6,4.7,7.2,5.1,3.4,3.1,8.8,centro,30s,media.alta,57o,masculino,27,1a,central,SaoPaulo.interior
R,Larissa,Daniela,Daniela.R,Femin.R,9.9,3.5,4.5,2,8.3,5.8,7.6,3.5,leste,20s,media.baixa,57o,masculino,27,1a,central,SaoPaulo.interior
R,Larissa,Paulo,Paulo.R,Masc.R,3.8,5.6,5,0.5,2.4,7.8,7.6,2.8,nao.sei,30s,media,57o,masculino,27,1a,central,SaoPaulo.interior
T,Larissa,Luisa,Luisa.T,Femin.T,5,8.4,5.9,7.1,6.7,7.0,6.4,9.9,centro,30s,media.alta,57o,masculino,27,1a,central,SaoPaulo.interior
T,Larissa,Antonio,Antonio.T,Masc.T,7.6,6.3,6.5,6.7,5.8,7,6.6,6.7,centro,20s,media,58o,masculino,20,1a,periferica,SaoPaulo.capital
R,Larissa,Daniela,Daniela.R,Femin.R,4.3,5,6.5,3.6,6.1,6.4,3.9,5.4,nao.sei,20s,media.baixa,58o,masculino,20,1a,periferica,SaoPaulo.capital
R,Larissa,Paulo,Paulo.R,Masc.R,5.2,5.6,6.6,5.6,3.4,5.8,3.8,3.6,leste,30s,media.baixa,58o,masculino,20,1a,periferica,SaoPaulo.capital
T,Larissa,Luisa,Luisa.T,Femin.T,4.2,5.2,4.3,7.2,5.1,5.1,1.2,6.5,oeste,20s,media.baixa,58o,masculino,20,1a,periferica,SaoPaulo.capital
T,Larissa,Antonio,Antonio.T,Masc.T,8.1,9.2,8.2,5.8,7.6,1.2,4.3,7.5,nao.sei,30s,media.alta,59o,masculino,19,1a,periferica,SaoPaulo.capital
R,Larissa,Daniela,Daniela.R,Femin.R,8.8,5.8,4.8,6.6,7.2,4,2.6,5.2,NA,20s,media,59o,masculino,19,1a,periferica,SaoPaulo.capital
R,Larissa,Paulo,Paulo.R,Masc.R,5.9,2.3,2.8,7.5,5.9,5,6,4.5,sul,30s,media,59o,masculino,19,1a,periferica,SaoPaulo.capital
T,Larissa,Luisa,Luisa.T,Femin.T,7.8,6.8,7.6,7.6,7.2,4.4,5.5,5.8,centro,20s,alta,59o,masculino,19,1a,periferica,SaoPaulo.capital
T,Larissa,Antonio,Antonio.T,Masc.T,2.3,4.8,6,4.6,2.3,6.4,0.5,4.6,centro,40s,media.baixa,60o,masculino,21,1a,periferica,SaoPaulo.capital
R,Larissa,Daniela,Daniela.R,Femin.R,7.2,4.1,7.6,5,2.9,3.4,2.9,5,norte,20s,baixa,60o,masculino,21,1a,periferica,SaoPaulo.capital
R,Larissa,Paulo,Paulo.R,Masc.R,2.1,4.4,4.4,2.6,6,1,1.7,3.6,sul,20s,baixa,60o,masculino,21,1a,periferica,SaoPaulo.capital
T,Larissa,Luisa,Luisa.T,Femin.T,2.6,3.6,4.1,5.8,0,5.7,0.8,3.8,oeste,30s,baixa,60o,masculino,21,1a,periferica,SaoPaulo.capital
T,Larissa,Antonio,Antonio.T,Masc.T,9.7,7.3,6.6,7.9,4.8,4.2,4.6,7,sul,20s,media,61o,feminino,21,1a,periferica,SaoPaulo.capital
R,Larissa,Daniela,Daniela.R,Femin.R,4.6,5.8,4.7,4,5.3,5.8,0.8,5.6,leste,20s,media.baixa,61o,feminino,21,1a,periferica,SaoPaulo.capital
R,Larissa,Paulo,Paulo.R,Masc.R,2.2,4.3,6,4.3,5.9,8,2.4,6,sul,30s,media,61o,feminino,21,1a,periferica,SaoPaulo.capital
T,Larissa,Luisa,Luisa.T,Femin.T,5.8,3.9,4.6,3.6,4.5,7.2,2.4,5,leste,10s,media.baixa,61o,feminino,21,1a,periferica,SaoPaulo.capital
T,Larissa,Antonio,Antonio.T,Masc.T,3.8,5.2,2.2,0.5,5.0,9.4,7.1,5.7,norte,20s,baixa,62o,masculino,29,1a,periferica,SaoPaulo.capital
R,Larissa,Daniela,Daniela.R,Femin.R,7.6,7.9,8.0,3.0,5.6,6.9,7.1,5.5,nao.sei,30s,media.baixa,62o,masculino,29,1a,periferica,SaoPaulo.capital
R,Larissa,Paulo,Paulo.R,Masc.R,4.7,4.7,3.8,8.0,4.1,6.3,2.3,4.9,norte,30s,media.baixa,62o,masculino,29,1a,periferica,SaoPaulo.capital
T,Larissa,Luisa,Luisa.T,Femin.T,4.1,7.1,7.7,6.7,5,6.6,2.6,7.5,norte,20s,media,62o,masculino,29,1a,periferica,SaoPaulo.capital
T,Larissa,Antonio,Antonio.T,Masc.T,2.1,1.4,4.9,4.1,2.2,3.4,1.7,2.4,leste,20s,media.baixa,63o,masculino,23,1a,periferica,outro.estado
R,Larissa,Daniela,Daniela.R,Femin.R,2.5,4.9,6.6,1.4,2.4,6.4,3.7,7.8,sul,20s,media,63o,masculino,23,1a,periferica,outro.estado
R,Larissa,Paulo,Paulo.R,Masc.R,5.9,9.8,9.9,6.7,6,4.3,1.3,7.6,centro,30s,media.alta,63o,masculino,23,1a,periferica,outro.estado
T,Larissa,Luisa,Luisa.T,Femin.T,1.5,5.1,7.1,4.2,7.5,4.5,1.2,5.3,sul,30s,media.alta,63o,masculino,23,1a,periferica,outro.estado
T,Larissa,Antonio,Antonio.T,Masc.T,6.3,6.2,4.3,4.6,3.9,4.2,7.6,4.5,sul,40s,media,64o,feminino,26,1a,periferica,SaoPaulo.capital
R,Larissa,Daniela,Daniela.R,Femin.R,7.7,5.2,5,4.3,5.3,4.5,2.9,2.1,leste,20s,media.baixa,64o,feminino,26,1a,periferica,SaoPaulo.capital
R,Larissa,Paulo,Paulo.R,Masc.R,3.6,3.4,5.5,4.5,3.1,2.7,3.2,3.8,leste,20s,baixa,64o,feminino,26,1a,periferica,SaoPaulo.capital
T,Larissa,Luisa,Luisa.T,Femin.T,2.6,6.3,7,6.4,4.1,5.9,5.8,6.8,oeste,20s,media.alta,64o,feminino,26,1a,periferica,SaoPaulo.capital
T,Larissa,Antonio,Antonio.T,Masc.T,6.5,9.7,7.9,9,3.4,9,6.1,4.1,centro,40s,media,65o,feminino,23,1a,periferica,SaoPaulo.capital
R,Larissa,Daniela,Daniela.R,Femin.R,8.3,5.7,5.8,8,6,8.8,8.8,4.9,centro,20s,media,65o,feminino,23,1a,periferica,SaoPaulo.capital
R,Larissa,Paulo,Paulo.R,Masc.R,5.7,4.1,2.6,3,1.4,8.7,4.1,2.7,leste,30s,baixa,65o,feminino,23,1a,periferica,SaoPaulo.capital
T,Larissa,Luisa,Luisa.T,Femin.T,3.8,4.4,5,5.5,2.7,6,5.7,2.9,norte,20s,baixa,65o,feminino,23,1a,periferica,SaoPaulo.capital
T,Larissa,Antonio,Antonio.T,Masc.T,7.6,9.8,7,4.8,7.1,4.8,7.9,4.8,norte,30s,media,66o,masculino,24,1a,periferica,SaoPaulo.capital
R,Larissa,Daniela,Daniela.R,Femin.R,6.5,9.3,6.2,1.6,6.2,8.4,8.3,8.9,centro,20s,media.alta,66o,masculino,24,1a,periferica,SaoPaulo.capital
R,Larissa,Paulo,Paulo.R,Masc.R,3.9,7.1,6,7,4.6,9.7,7.6,5.2,oeste,40s,media,66o,masculino,24,1a,periferica,SaoPaulo.capital
T,Larissa,Luisa,Luisa.T,Femin.T,6.6,7.3,7.5,5.9,7.8,7.5,6.1,2.2,norte,30s,media,66o,masculino,24,1a,periferica,SaoPaulo.capital
R,Larissa,Antonio,Antonio.R,Masc.R,5.6,8.8,8.7,7.5,7.6,7.7,5,5.3,centro,40s,media,67o,masculino,29,1a,central,grande.SP
T,Larissa,Daniela,Daniela.T,Femin.T,8.1,7.2,7.2,2.7,6.7,8.8,6.9,2.9,norte,20s,media.baixa,67o,masculino,29,1a,central,grande.SP
T,Larissa,Paulo,Paulo.T,Masc.T,4.8,4.3,7.1,3.3,5.6,3.2,5.3,2.7,oeste,30s,media.baixa,67o,masculino,29,1a,central,grande.SP
R,Larissa,Luisa,Luisa.R,Femin.R,2.9,4.1,7.9,5.4,5.1,4.3,7.9,7.6,nao.sei,20s,media.baixa,67o,masculino,29,1a,central,grande.SP
R,Larissa,Antonio,Antonio.R,Masc.R,5.2,7.9,6.4,2.6,5.5,7,6.2,4.6,oeste,40s,media,68o,feminino,29,1a,periferica,SaoPaulo.capital
T,Larissa,Daniela,Daniela.T,Femin.T,7.5,7.6,7.2,3.9,5.1,9.7,9.8,7.6,sul,30s,media,68o,feminino,29,1a,periferica,SaoPaulo.capital
T,Larissa,Paulo,Paulo.T,Masc.T,2.6,5.5,4.8,0.4,2.3,2.8,7.2,2.7,nao.sei,30s,media.baixa,68o,feminino,29,1a,periferica,SaoPaulo.capital
R,Larissa,Luisa,Luisa.R,Femin.R,4.2,4.7,4.7,1.9,4.1,6.1,7.6,2.5,leste,20s,media.baixa,68o,feminino,29,1a,periferica,SaoPaulo.capital
R,Larissa,Antonio,Antonio.R,Masc.R,4.7,9.9,9.3,7.6,7.3,7.8,4.6,7.1,sul,30s,media.alta,69o,masculino,23,1a,periferica,grande.SP
T,Larissa,Daniela,Daniela.T,Femin.T,9.2,4.6,7.8,1,5.5,8.4,8.1,10,oeste,20s,media.alta,69o,masculino,23,1a,periferica,grande.SP
T,Larissa,Paulo,Paulo.T,Masc.T,4.6,2.7,4.5,5.2,5.4,5.9,6.4,3.1,leste,30s,media.baixa,69o,masculino,23,1a,periferica,grande.SP
R,Larissa,Luisa,Luisa.R,Femin.R,4.9,5.6,4.7,2.2,9.2,7.4,6,2.6,norte,20s,media,69o,masculino,23,1a,periferica,grande.SP
R,Larissa,Antonio,Antonio.R,Masc.R,4.9,9.3,9.7,2.3,8.7,2.3,7.8,5,NA,20s,media,70o,feminino,24,1a,periferica,outro.estado
T,Larissa,Daniela,Daniela.T,Femin.T,7.2,4.4,5.8,4,6.2,2.9,6,4.7,nao.sei,30s,media,70o,feminino,24,1a,periferica,outro.estado
T,Larissa,Paulo,Paulo.T,Masc.T,5.2,5.1,6.8,6.1,5.7,7.9,3.9,4.2,nao.sei,40s,media,70o,feminino,24,1a,periferica,outro.estado
R,Larissa,Luisa,Luisa.R,Femin.R,2.6,5.3,3,0.3,7.4,6.3,6.8,2.1,leste,30s,media,70o,feminino,24,1a,periferica,outro.estado
R,Larissa,Antonio,Antonio.R,Masc.R,4.5,7.1,4.1,6.4,4.4,6,4,3.5,oeste,30s,media,71o,feminino,20,1a,periferica,grande.SP
T,Larissa,Daniela,Daniela.T,Femin.T,8,4.5,4.7,4.7,6,4.2,5.1,4.6,nao.sei,30s,media,71o,feminino,20,1a,periferica,grande.SP
T,Larissa,Paulo,Paulo.T,Masc.T,2.5,4.3,7.5,6.1,4.8,7.1,4.9,6.6,sul,40s,media.alta,71o,feminino,20,1a,periferica,grande.SP
R,Larissa,Luisa,Luisa.R,Femin.R,2.8,4.5,4.4,2.9,5.7,4.7,5.1,5.6,nao.sei,30s,media,71o,feminino,20,1a,periferica,grande.SP
R,Larissa,Antonio,Antonio.R,Masc.R,0.1,1.4,4.5,3.4,5.8,5.5,6.9,8,nao.sei,30s,media.baixa,72o,feminino,23,1a,central,SaoPaulo.capital
T,Larissa,Daniela,Daniela.T,Femin.T,9.3,5.7,4.6,3.5,9,4.8,5.3,5.8,nao.sei,30s,media,72o,feminino,23,1a,central,SaoPaulo.capital
T,Larissa,Paulo,Paulo.T,Masc.T,6.6,5.8,4,4.2,7.1,5.3,4.5,4.9,nao.sei,30s,media.baixa,72o,feminino,23,1a,central,SaoPaulo.capital
R,Larissa,Luisa,Luisa.R,Femin.R,4.1,4.9,4.1,2.7,4.6,5.5,5.9,4.7,nao.sei,20s,media,72o,feminino,23,1a,central,SaoPaulo.capital
R,Larissa,Antonio,Antonio.R,Masc.R,4.2,8.6,4.8,8.1,0.8,5.9,2.7,8.6,oeste,30s,media.alta,73o,feminino,18,1a,periferica,SaoPaulo.capital
T,Larissa,Daniela,Daniela.T,Femin.T,7.6,4.9,4.4,1.2,9.9,9.3,9.6,5.2,sul,30s,media,73o,feminino,18,1a,periferica,SaoPaulo.capital
T,Larissa,Paulo,Paulo.T,Masc.T,0.9,1.4,0.3,2.1,2.9,3.4,2.3,5.6,sul,40s,media.baixa,73o,feminino,18,1a,periferica,SaoPaulo.capital
R,Larissa,Luisa,Luisa.R,Femin.R,8.5,8.6,9.6,6.3,4.8,7.7,1.7,4.3,centro,30s,media,73o,feminino,18,1a,periferica,SaoPaulo.capital
R,Larissa,Antonio,Antonio.R,Masc.R,4.9,4.5,4.5,3.2,7.9,5.6,5.4,2.1,oeste,30s,media,74o,feminino,21,1a,periferica,grande.SP
T,Larissa,Daniela,Daniela.T,Femin.T,6.7,4,5.3,0.8,5.5,9.8,7.4,8.3,centro,20s,media.alta,74o,feminino,21,1a,periferica,grande.SP
T,Larissa,Paulo,Paulo.T,Masc.T,4.7,4.8,5.7,3.5,3.2,6.8,5.3,6.8,leste,30s,media,74o,feminino,21,1a,periferica,grande.SP
R,Larissa,Luisa,Luisa.R,Femin.R,4.6,6.4,6.9,3.7,4.3,6.3,4.3,6,norte,20s,media,74o,feminino,21,1a,periferica,grande.SP
R,Larissa,Antonio,Antonio.R,Masc.R,7.5,4.3,4.4,2.7,4.8,2.4,4.8,3,nao.sei,20s,media.baixa,75o,masculino,33,1a,periferica,SaoPaulo.capital
T,Larissa,Daniela,Daniela.T,Femin.T,5.2,5.3,4.7,2.1,6,7.5,2.1,3,leste,20s,media.baixa,75o,masculino,33,1a,periferica,SaoPaulo.capital
T,Larissa,Paulo,Paulo.T,Masc.T,6,4.4,4.9,0.2,3.8,1.8,2.8,1.9,sul,30s,media.baixa,75o,masculino,33,1a,periferica,SaoPaulo.capital
R,Larissa,Luisa,Luisa.R,Femin.R,7.7,4.7,5.7,2.8,7.1,5.5,2.5,5.9,norte,10s,media.alta,75o,masculino,33,1a,periferica,SaoPaulo.capital
R,Larissa,Antonio,Antonio.R,Masc.R,2.5,4.3,2.8,2.9,8.6,2.3,4.6,4.3,nao.sei,30s,media.baixa,76o,masculino,31,1a,central,SaoPaulo.capital
T,Larissa,Daniela,Daniela.T,Femin.T,6.2,7.5,4.2,3.2,7.1,8.8,9.4,6.3,nao.sei,20s,media,76o,masculino,31,1a,central,SaoPaulo.capital
T,Larissa,Paulo,Paulo.T,Masc.T,5.4,4,5.4,4.5,3.3,5.3,4.1,4.4,nao.sei,20s,media.baixa,76o,masculino,31,1a,central,SaoPaulo.capital
R,Larissa,Luisa,Luisa.R,Femin.R,2.2,5.6,6.6,4.7,7.7,5.1,4,6.2,nao.sei,30s,media,76o,masculino,31,1a,central,SaoPaulo.capital
R,Larissa,Antonio,Antonio.R,Masc.R,2.9,5.8,4.3,4.1,0.1,2,4.6,6,nao.sei,30s,media.baixa,77o,masculino,30,1a,periferica,SaoPaulo.capital
T,Larissa,Daniela,Daniela.T,Femin.T,2.5,4.7,4.7,5.1,8.8,4.9,5.4,4.1,nao.sei,20s,media.baixa,77o,masculino,30,1a,periferica,SaoPaulo.capital
T,Larissa,Paulo,Paulo.T,Masc.T,5,6,4.8,4.1,5.5,7.2,5.7,6.1,nao.sei,30s,media,77o,masculino,30,1a,periferica,SaoPaulo.capital
R,Larissa,Luisa,Luisa.R,Femin.R,4.8,4.9,5.3,4.8,7.2,2.5,7.2,2.3,centro,20s,media.baixa,77o,masculino,30,1a,periferica,SaoPaulo.capital
R,Larissa,Antonio,Antonio.R,Masc.R,6.9,6.3,7.8,7,4.4,8.6,2.6,6.8,sul,30s,media,78o,feminino,19,1a,periferica,SaoPaulo.capital
T,Larissa,Daniela,Daniela.T,Femin.T,8,4.7,4.1,1.4,4.6,7.1,3.5,4.8,nao.sei,10s,media.baixa,78o,feminino,19,1a,periferica,SaoPaulo.capital
T,Larissa,Paulo,Paulo.T,Masc.T,5.1,7.7,4.7,7.2,5.9,7.2,2.3,8.3,oeste,40s,media.alta,78o,feminino,19,1a,periferica,SaoPaulo.capital
R,Larissa,Luisa,Luisa.R,Femin.R,4.9,4.2,7.4,2.6,3.8,9,2.5,5,norte,20s,media.alta,78o,feminino,19,1a,periferica,SaoPaulo.capital
R,Larissa,Antonio,Antonio.R,Masc.R,6.3,4,4.6,2.7,6.2,3.1,5.3,5.2,nao.sei,30s,NA,79o,masculino,24,1a,central,SaoPaulo.capital
T,Larissa,Daniela,Daniela.T,Femin.T,9.8,4.8,5.8,1.3,7.1,7,0,4.7,nao.sei,20s,media,79o,masculino,24,1a,central,SaoPaulo.capital
T,Larissa,Paulo,Paulo.T,Masc.T,3.1,4.6,4.8,4.2,4.4,4.9,3.9,2.5,nao.sei,30s,media,79o,masculino,24,1a,central,SaoPaulo.capital
R,Larissa,Luisa,Luisa.R,Femin.R,4.8,6.0,3.0,4.2,5.5,7,2.6,4.5,nao.sei,30s,media.alta,79o,masculino,24,1a,central,SaoPaulo.capital
R,Larissa,Antonio,Antonio.R,Masc.R,4,8.6,7.8,6,9,7.5,4.5,8.2,nao.sei,30s,media,80o,feminino,29,1a,periferica,grande.SP
T,Larissa,Daniela,Daniela.T,Femin.T,8.1,7.5,5.8,5.1,7.3,9.1,4.6,5.1,nao.sei,20s,media,80o,feminino,29,1a,periferica,grande.SP
T,Larissa,Paulo,Paulo.T,Masc.T,4.4,9.8,6.7,6,6.7,4.1,7.9,4.1,nao.sei,40s,media.alta,80o,feminino,29,1a,periferica,grande.SP
R,Larissa,Luisa,Luisa.R,Femin.R,6.1,7.3,6.9,2.4,7.1,2.2,7.1,4.2,nao.sei,20s,media,80o,feminino,29,1a,periferica,grande.SP
R,Larissa,Antonio,Antonio.R,Masc.R,8.2,7.4,6.2,0,6.8,1.9,8.2,4.7,nao.sei,30s,media.alta,81o,masculino,24,1a,central,SaoPaulo.capital
T,Larissa,Daniela,Daniela.T,Femin.T,8.3,6.3,5.9,9.6,7.4,8.1,0.5,10,leste,30s,media,81o,masculino,24,1a,central,SaoPaulo.capital
T,Larissa,Paulo,Paulo.T,Masc.T,5.5,2.4,6,8.6,2,9.9,5.3,3,sul,20s,media.baixa,81o,masculino,24,1a,central,SaoPaulo.capital
R,Larissa,Luisa,Luisa.R,Femin.R,3.4,4.4,4.9,6.5,8.8,1.4,4.8,0.5,sul,20s,media,81o,masculino,24,1a,central,SaoPaulo.capital
R,Larissa,Antonio,Antonio.R,Masc.R,6.8,3.1,7.4,4.9,8.6,3.2,6.7,8.1,centro,30s,media,82o,masculino,22,1a,periferica,SaoPaulo.capital
T,Larissa,Daniela,Daniela.T,Femin.T,7.1,5.7,3.3,7.2,5,7.3,2.6,3.7,norte,20s,media,82o,masculino,22,1a,periferica,SaoPaulo.capital
T,Larissa,Paulo,Paulo.T,Masc.T,3.7,2.5,6,2.3,5.8,6.1,3.9,0.7,leste,30s,media.baixa,82o,masculino,22,1a,periferica,SaoPaulo.capital
R,Larissa,Luisa,Luisa.R,Femin.R,5.5,6.2,6.3,3.6,6,6.4,6.4,5.3,norte,10s,media,82o,masculino,22,1a,periferica,SaoPaulo.capital
R,Larissa,Antonio,Antonio.R,Masc.R,5.4,7,7.2,6.6,5.4,3.9,2.2,6.8,nao.sei,30s,media,83o,masculino,21,1a,central,SaoPaulo.interior
T,Larissa,Daniela,Daniela.T,Femin.T,8.2,5.6,4.3,3.9,6.3,9.8,7.8,2.8,nao.sei,20s,media.alta,83o,masculino,21,1a,central,SaoPaulo.interior
T,Larissa,Paulo,Paulo.T,Masc.T,6.1,6.9,9.1,3.5,2.8,5.3,4.5,7.9,nao.sei,30s,media,83o,masculino,21,1a,central,SaoPaulo.interior
R,Larissa,Luisa,Luisa.R,Femin.R,6.1,5.5,4.2,4.1,6.7,2.2,8,3.2,nao.sei,20s,media.alta,83o,masculino,21,1a,central,SaoPaulo.interior
R,Larissa,Antonio,Antonio.R,Masc.R,5.2,4.8,6.6,9.8,4.1,3.1,5.1,3,nao.sei,30s,media.baixa,84o,masculino,22,1a,central,SaoPaulo.capital
T,Larissa,Daniela,Daniela.T,Femin.T,6.8,4.8,4.3,7.1,5.7,9.3,6.9,5.1,oeste,20s,media,84o,masculino,22,1a,central,SaoPaulo.capital
T,Larissa,Paulo,Paulo.T,Masc.T,6,5.6,6.4,9.4,5.8,5.2,5.6,3.3,leste,20s,media,84o,masculino,22,1a,central,SaoPaulo.capital
R,Larissa,Luisa,Luisa.R,Femin.R,4.6,6.4,5.8,3.5,5.4,6.7,6.5,3.1,sul,20s,media.baixa,84o,masculino,22,1a,central,SaoPaulo.capital
T,Qualtrics,Antonio,Antonio.T,Masc.T,5.3,7.5,4.8,6.3,7.2,7.3,6.5,4,centro,30s,media.alta,100o,masculino,31,1a,central,SaoPaulo.capital
R,Qualtrics,Daniela,Daniela.R,Femin.R,7.4,6.8,4.1,5.3,4.4,6,6.7,4.9,nao.sei,20s,media,100o,masculino,31,1a,central,SaoPaulo.capital
R,Qualtrics,Paulo,Paulo.R,Masc.R,2.5,5,5.7,4.4,3.5,2.1,6.2,5.6,leste,30s,media,100o,masculino,31,1a,central,SaoPaulo.capital
T,Qualtrics,Luisa,Luisa.T,Femin.T,4.1,6.2,4.9,5.1,5.5,4.4,5.1,6,centro,20s,media,100o,masculino,31,1a,central,SaoPaulo.capital
T,Qualtrics,Antonio,Antonio.T,Masc.T,6.9,6.5,5.5,4.8,7,6.1,2.8,6.7,oeste,30s,media,101o,feminino,39,2a,central,SaoPaulo.capital
R,Qualtrics,Daniela,Daniela.R,Femin.R,6.6,4.7,4.1,3.7,7.3,2.8,6.7,3.1,norte,20s,media,101o,feminino,39,2a,central,SaoPaulo.capital
R,Qualtrics,Paulo,Paulo.R,Masc.R,4.9,5.5,3.6,3.3,3.8,2.1,7.7,3.1,leste,20s,media.baixa,101o,feminino,39,2a,central,SaoPaulo.capital
T,Qualtrics,Luisa,Luisa.T,Femin.T,7.5,7.1,6.9,4,7.1,7.8,2.4,4.7,centro,20s,media,101o,feminino,39,2a,central,SaoPaulo.capital
T,Qualtrics,Antonio,Antonio.T,Masc.T,5.8,6.9,5.1,4.3,4.7,6.7,4.7,7.7,centro,40s,media,102o,feminino,38,2a,central,SaoPaulo.capital
R,Qualtrics,Daniela,Daniela.R,Femin.R,2.3,3.6,5.5,2.6,7.8,3.6,6.2,5.2,leste,20s,media.baixa,102o,feminino,38,2a,central,SaoPaulo.capital
R,Qualtrics,Paulo,Paulo.R,Masc.R,3.6,3.7,2.7,3.7,3.4,2.2,7.1,3.8,norte,20s,media.baixa,102o,feminino,38,2a,central,SaoPaulo.capital
T,Qualtrics,Luisa,Luisa.T,Femin.T,5.2,4.9,6,2.8,4.1,5,3.4,8,sul,20s,media,102o,feminino,38,2a,central,SaoPaulo.capital
T,Qualtrics,Antonio,Antonio.T,Masc.T,3.2,5.4,4.7,2,6.6,3.9,5.5,5.3,nao.sei,30s,media,103o,masculino,26,1a,periferica,SaoPaulo.capital
R,Qualtrics,Daniela,Daniela.R,Femin.R,7.7,5.1,5.1,5.8,5.5,5.7,5.4,6.9,nao.sei,30s,media,103o,masculino,26,1a,periferica,SaoPaulo.capital
R,Qualtrics,Paulo,Paulo.R,Masc.R,2.7,5.5,5.5,4.7,4,5.2,4.8,5.1,nao.sei,30s,media,103o,masculino,26,1a,periferica,SaoPaulo.capital
T,Qualtrics,Luisa,Luisa.T,Femin.T,4.2,4.4,4.9,2.8,8,6,0.3,7.8,nao.sei,20s,media.alta,103o,masculino,26,1a,periferica,SaoPaulo.capital
T,Qualtrics,Antonio,Antonio.T,Masc.T,0.9,4.1,4.8,0.5,0.4,2.1,1.6,1.5,nao.sei,30s,media,104o,feminino,31,1a,periferica,SaoPaulo.capital
R,Qualtrics,Daniela,Daniela.R,Femin.R,0.8,4.3,3.9,1.2,0.9,5.4,0.9,4.0,centro,30s,media,104o,feminino,31,1a,periferica,SaoPaulo.capital
R,Qualtrics,Paulo,Paulo.R,Masc.R,1.2,4.8,5.7,4.6,1.9,5.7,0.7,6.0,leste,30s,media,104o,feminino,31,1a,periferica,SaoPaulo.capital
T,Qualtrics,Luisa,Luisa.T,Femin.T,3.7,5.2,5.6,1.8,4.7,5.3,1.1,7.0,sul,20s,media,104o,feminino,31,1a,periferica,SaoPaulo.capital
T,Qualtrics,Antonio,Antonio.T,Masc.T,4.1,9.5,9.8,3.8,5.4,9.9,8.2,9.4,centro,30s,media.alta,105o,masculino,32,1a,periferica,SaoPaulo.capital
R,Qualtrics,Daniela,Daniela.R,Femin.R,8.4,5.7,5.1,0.5,5.5,0.8,8.6,2,leste,20s,media,105o,masculino,32,1a,periferica,SaoPaulo.capital
R,Qualtrics,Paulo,Paulo.R,Masc.R,3.1,2.9,0.3,1.1,2,9.2,9.4,0.5,sul,30s,media,105o,masculino,32,1a,periferica,SaoPaulo.capital
T,Qualtrics,Luisa,Luisa.T,Femin.T,5.7,9.3,7.4,8.4,6.1,8.9,9.5,9.5,centro,30s,media.alta,105o,masculino,32,1a,periferica,SaoPaulo.capital
T,Qualtrics,Antonio,Antonio.T,Masc.T,7.7,9.8,7.6,6.2,4.6,6.7,3,7.5,centro,30s,media.alta,106o,feminino,38,2a,periferica,SaoPaulo.capital
R,Qualtrics,Daniela,Daniela.R,Femin.R,6.1,7.2,6.6,2.2,6.6,5.5,4.6,5.2,leste,20s,media,106o,feminino,38,2a,periferica,SaoPaulo.capital
R,Qualtrics,Paulo,Paulo.R,Masc.R,7.1,6.8,6,3.8,6.7,7,5.6,5.8,nao.sei,20s,media,106o,feminino,38,2a,periferica,SaoPaulo.capital
T,Qualtrics,Luisa,Luisa.T,Femin.T,7.6,6.5,7.9,2,7.4,9.4,1.8,5,nao.sei,20s,media.alta,106o,feminino,38,2a,periferica,SaoPaulo.capital
T,Qualtrics,Antonio,Antonio.T,Masc.T,4.5,5.6,6,5,4.3,6.7,4.9,7.2,nao.sei,40s,media,107o,feminino,30,1a,central,SaoPaulo.capital
R,Qualtrics,Daniela,Daniela.R,Femin.R,6.5,3,4.8,1.5,4.7,5.3,4.8,3.8,nao.sei,20s,media.baixa,107o,feminino,30,1a,central,SaoPaulo.capital
R,Qualtrics,Paulo,Paulo.R,Masc.R,4.7,5.5,4.2,0.3,4.7,2.4,8,2.4,nao.sei,20s,media,107o,feminino,30,1a,central,SaoPaulo.capital
T,Qualtrics,Luisa,Luisa.T,Femin.T,3.9,3.8,3.6,3,4.2,5,4.6,2.3,nao.sei,20s,media,107o,feminino,30,1a,central,SaoPaulo.capital
T,Qualtrics,Antonio,Antonio.T,Masc.T,7.9,8.7,9.5,4.5,6.4,4.5,0.4,4.5,oeste,40s,media,108o,feminino,37,2a,central,outro.estado
R,Qualtrics,Daniela,Daniela.R,Femin.R,9.4,5.9,4.1,2.8,7,4.4,6,2.8,leste,30s,media,108o,feminino,37,2a,central,outro.estado
R,Qualtrics,Paulo,Paulo.R,Masc.R,3.5,5.4,7.6,5.5,5.1,4.9,7.6,2.3,leste,30s,media,108o,feminino,37,2a,central,outro.estado
T,Qualtrics,Luisa,Luisa.T,Femin.T,4.9,8.3,6.3,5.5,6.9,8.3,0.5,7.3,sul,20s,media.alta,108o,feminino,37,2a,central,outro.estado
T,Qualtrics,Antonio,Antonio.T,Masc.T,7.2,9.8,6.7,2.7,6.1,8.6,1.9,7.3,sul,30s,media,109o,feminino,38,2a,central,SaoPaulo.capital
R,Qualtrics,Daniela,Daniela.R,Femin.R,7.6,5.2,4.7,5,9.8,5.3,9.3,3.3,nao.sei,30s,media,109o,feminino,38,2a,central,SaoPaulo.capital
R,Qualtrics,Paulo,Paulo.R,Masc.R,5.2,4.6,7.3,5.5,2.4,2.3,8.3,0.9,leste,20s,media.baixa,109o,feminino,38,2a,central,SaoPaulo.capital
T,Qualtrics,Luisa,Luisa.T,Femin.T,5.9,8,4,4,9.1,10,3,7.5,norte,20s,media,109o,feminino,38,2a,central,SaoPaulo.capital
T,Qualtrics,Antonio,Antonio.T,Masc.T,7.4,7.1,5.7,7,7.1,0.2,6.5,4.3,nao.sei,40s,media.alta,110o,feminino,38,2a,periferica,SaoPaulo.capital
R,Qualtrics,Daniela,Daniela.R,Femin.R,7.8,6,5.4,3,6.1,5.6,8.7,7.4,nao.sei,20s,media.alta,110o,feminino,38,2a,periferica,SaoPaulo.capital
R,Qualtrics,Paulo,Paulo.R,Masc.R,4.9,5,5.7,8,5.9,9,8.1,5.5,norte,30s,media,110o,feminino,38,2a,periferica,SaoPaulo.capital
T,Qualtrics,Luisa,Luisa.T,Femin.T,5.2,6.2,7.3,6.6,7,8.3,8.7,7.4,nao.sei,30s,media.alta,110o,feminino,38,2a,periferica,SaoPaulo.capital
T,Qualtrics,Antonio,Antonio.T,Masc.T,7.3,5.3,5,3,5.5,6.2,5.5,7.7,norte,30s,media,111o,feminino,23,1a,periferica,SaoPaulo.capital
R,Qualtrics,Daniela,Daniela.R,Femin.R,4.4,4.5,7.3,2.3,5.3,2.2,6.2,5.9,leste,20s,media.baixa,111o,feminino,23,1a,periferica,SaoPaulo.capital
R,Qualtrics,Paulo,Paulo.R,Masc.R,3,8.1,7,7.7,3.1,3.5,4.2,6.9,centro,40s,media.alta,111o,feminino,23,1a,periferica,SaoPaulo.capital
T,Qualtrics,Luisa,Luisa.T,Femin.T,7.9,9.9,4.1,2.6,7.6,4.1,5.7,6.8,sul,20s,media,111o,feminino,23,1a,periferica,SaoPaulo.capital
T,Qualtrics,Antonio,Antonio.T,Masc.T,5.4,6.7,6.1,2.5,9.2,9.4,2,7.3,nao.sei,30s,media,112o,feminino,36,2a,central,SaoPaulo.capital
R,Qualtrics,Daniela,Daniela.R,Femin.R,8.4,4.7,4.4,0.7,9.7,0.8,9.9,1.6,nao.sei,20s,media.baixa,112o,feminino,36,2a,central,SaoPaulo.capital
R,Qualtrics,Paulo,Paulo.R,Masc.R,4.7,5.2,5.8,3.8,3.9,0.8,9.7,1.9,nao.sei,20s,media,112o,feminino,36,2a,central,SaoPaulo.capital
T,Qualtrics,Luisa,Luisa.T,Femin.T,4.3,7.1,7.5,4.9,6.1,9.4,0.2,8.1,nao.sei,20s,media.alta,112o,feminino,36,2a,central,SaoPaulo.capital
T,Qualtrics,Antonio,Antonio.T,Masc.T,5.8,6.4,2.9,9.5,5.8,6.6,0.1,8.2,sul,40s,media.baixa,113o,masculino,26,1a,periferica,outro.estado
R,Qualtrics,Daniela,Daniela.R,Femin.R,0.2,5.3,5,3.3,6.9,4.2,2.7,4.9,centro,30s,media.baixa,113o,masculino,26,1a,periferica,outro.estado
R,Qualtrics,Paulo,Paulo.R,Masc.R,2.3,4.9,4.7,4.9,3.3,3.6,2.5,2.3,leste,40s,baixa,113o,masculino,26,1a,periferica,outro.estado
T,Qualtrics,Luisa,Luisa.T,Femin.T,3.2,5.6,6.8,6.4,5.6,8,6.6,6,oeste,20s,media,113o,masculino,26,1a,periferica,outro.estado
T,Qualtrics,Antonio,Antonio.T,Masc.T,3.2,6.1,9.7,9.1,3.8,6.8,6.8,7,sul,40s,media.alta,114o,masculino,31,1a,central,outro.estado
R,Qualtrics,Daniela,Daniela.R,Femin.R,7.1,4.7,4.3,3,8.5,9.9,9.7,1.9,oeste,20s,media.baixa,114o,masculino,31,1a,central,outro.estado
R,Qualtrics,Paulo,Paulo.R,Masc.R,7.5,6.4,8.4,6.4,4.7,9.3,8.6,9.3,centro,30s,media,114o,masculino,31,1a,central,outro.estado
T,Qualtrics,Luisa,Luisa.T,Femin.T,7,2.4,4.8,0.7,4.7,4.6,6.5,4,oeste,20s,media.baixa,114o,masculino,31,1a,central,outro.estado
T,Qualtrics,Antonio,Antonio.T,Masc.T,9.3,8.4,8.3,2.5,8.3,1.2,8.4,8.7,centro,40s,media.alta,115o,feminino,32,1a,central,outro.estado
R,Qualtrics,Daniela,Daniela.R,Femin.R,6.4,6.3,7.9,0.9,7.7,7.3,9.8,8.8,oeste,20s,media,115o,feminino,32,1a,central,outro.estado
R,Qualtrics,Paulo,Paulo.R,Masc.R,5.7,5.8,9.7,1.1,2.9,5.7,8.7,5.7,norte,30s,media.baixa,115o,feminino,32,1a,central,outro.estado
T,Qualtrics,Luisa,Luisa.T,Femin.T,8.1,6.5,4.1,2,8.9,9.7,5,8.9,centro,20s,media,115o,feminino,32,1a,central,outro.estado
T,Qualtrics,Antonio,Antonio.T,Masc.T,5.3,7.6,5.6,3.1,2.7,7.5,6.2,6.1,norte,30s,media,116o,masculino,32,1a,periferica,SaoPaulo.capital
R,Qualtrics,Daniela,Daniela.R,Femin.R,6.4,7.6,5.9,3.7,6.6,6.6,6.7,3.7,leste,20s,media.baixa,116o,masculino,32,1a,periferica,SaoPaulo.capital
R,Qualtrics,Paulo,Paulo.R,Masc.R,2.8,6.2,7.4,4.2,2.5,6.3,4.9,7.3,centro,30s,media,116o,masculino,32,1a,periferica,SaoPaulo.capital
T,Qualtrics,Luisa,Luisa.T,Femin.T,10,6.9,6.5,2.3,7.6,8.9,9.6,0.4,sul,20s,media.baixa,116o,masculino,32,1a,periferica,SaoPaulo.capital
T,Qualtrics,Antonio,Antonio.T,Masc.T,3.2,1.3,3.7,2.5,2.6,0.8,2.5,5.1,leste,30s,media,117o,masculino,24,1a,periferica,SaoPaulo.interior
R,Qualtrics,Daniela,Daniela.R,Femin.R,4.8,6,5.1,4.7,5.6,2,7.9,2.1,sul,20s,media,117o,masculino,24,1a,periferica,SaoPaulo.interior
R,Qualtrics,Paulo,Paulo.R,Masc.R,2.9,7,6.5,4.7,5.4,3.5,4.8,6.7,leste,20s,media,117o,masculino,24,1a,periferica,SaoPaulo.interior
T,Qualtrics,Luisa,Luisa.T,Femin.T,7.3,6,7.8,6.3,6.5,6.4,2,3,centro,20s,media.baixa,117o,masculino,24,1a,periferica,SaoPaulo.interior
T,Qualtrics,Antonio,Antonio.T,Masc.T,3.5,5.1,4.7,3.1,4.5,7,4.8,5.1,nao.sei,30s,media,118o,masculino,16,1a,periferica,SaoPaulo.capital
R,Qualtrics,Daniela,Daniela.R,Femin.R,6.7,5.5,6,2.9,6,8.7,5.7,7.9,nao.sei,20s,media,118o,masculino,16,1a,periferica,SaoPaulo.capital
R,Qualtrics,Paulo,Paulo.R,Masc.R,3.6,5.1,4.6,3.9,2.5,6.1,4.8,5.4,nao.sei,30s,media.baixa,118o,masculino,16,1a,periferica,SaoPaulo.capital
T,Qualtrics,Luisa,Luisa.T,Femin.T,5.9,5.6,5.7,2.6,5,7.1,4.8,5.6,nao.sei,20s,media.alta,118o,masculino,16,1a,periferica,SaoPaulo.capital
T,Qualtrics,Antonio,Antonio.T,Masc.T,5.2,6.2,4.2,6.5,5.5,7.4,4.7,7.6,norte,30s,media.alta,119o,feminino,25,1a,periferica,SaoPaulo.capital
R,Qualtrics,Daniela,Daniela.R,Femin.R,6,4.3,4,2.3,4,7,6.2,2.2,leste,20s,media,119o,feminino,25,1a,periferica,SaoPaulo.capital
R,Qualtrics,Paulo,Paulo.R,Masc.R,3.6,6.9,9.8,3.9,3.5,5,4.7,6.8,centro,30s,media.alta,119o,feminino,25,1a,periferica,SaoPaulo.capital
T,Qualtrics,Luisa,Luisa.T,Femin.T,6,6.3,5.5,6.8,6.6,4.6,4.3,7.6,nao.sei,20s,media.alta,119o,feminino,25,1a,periferica,SaoPaulo.capital
T,Qualtrics,Antonio,Antonio.T,Masc.T,5.2,7.2,6.8,2.8,4.3,8.3,7,6.6,nao.sei,30s,media,120o,feminino,27,1a,periferica,SaoPaulo.capital
R,Qualtrics,Daniela,Daniela.R,Femin.R,8.5,6.4,4.7,3.8,7.6,3.6,6.7,5.7,leste,30s,media,120o,feminino,27,1a,periferica,SaoPaulo.capital
R,Qualtrics,Paulo,Paulo.R,Masc.R,3,5.3,5.2,5.4,5.4,2.3,6.7,4.2,nao.sei,30s,media,120o,feminino,27,1a,periferica,SaoPaulo.capital
T,Qualtrics,Luisa,Luisa.T,Femin.T,4.5,5.8,4.6,2.8,4.7,6.8,6.4,5.2,nao.sei,20s,media,120o,feminino,27,1a,periferica,SaoPaulo.capital
T,Qualtrics,Antonio,Antonio.T,Masc.T,9.4,9.1,7.7,0.7,7.4,8.3,7.8,9.7,oeste,30s,media,121o,feminino,54,2a,central,SaoPaulo.capital
R,Qualtrics,Daniela,Daniela.R,Femin.R,5.9,4.8,4.2,5.4,8.4,8.9,8.3,3.8,leste,30s,media.baixa,121o,feminino,54,2a,central,SaoPaulo.capital
R,Qualtrics,Paulo,Paulo.R,Masc.R,4.9,5.9,6.8,5.4,6.3,9.7,8,2.3,nao.sei,20s,media.baixa,121o,feminino,54,2a,central,SaoPaulo.capital
T,Qualtrics,Luisa,Luisa.T,Femin.T,6.9,7.6,7.6,4.9,6.1,8.9,8.2,6.6,nao.sei,20s,media,121o,feminino,54,2a,central,SaoPaulo.capital
T,Qualtrics,Antonio,Antonio.T,Masc.T,2.8,6.7,6.8,2.8,6.7,1.9,4.4,4.7,nao.sei,40s,media,122o,feminino,25,1a,central,SaoPaulo.capital
R,Qualtrics,Daniela,Daniela.R,Femin.R,9.9,5.8,5.1,1,6.1,1.1,7.3,2.4,nao.sei,20s,media.baixa,122o,feminino,25,1a,central,SaoPaulo.capital
R,Qualtrics,Paulo,Paulo.R,Masc.R,3.5,2.6,3.3,7.2,4.7,0.4,6.9,2.1,leste,30s,media.baixa,122o,feminino,25,1a,central,SaoPaulo.capital
T,Qualtrics,Luisa,Luisa.T,Femin.T,4.9,9.1,4.4,7.6,6.3,9.6,9.3,9.6,oeste,20s,media.alta,122o,feminino,25,1a,central,SaoPaulo.capital
T,Qualtrics,Antonio,Antonio.T,Masc.T,4.1,6.5,4,8.7,4.7,8.1,8,8,oeste,40s,media.alta,123o,feminino,40,2a,central,SaoPaulo.interior
R,Qualtrics,Daniela,Daniela.R,Femin.R,7.6,6.8,4.4,4.4,5.3,7.1,9.9,5.4,leste,30s,media,123o,feminino,40,2a,central,SaoPaulo.interior
R,Qualtrics,Paulo,Paulo.R,Masc.R,4.8,7.1,4.9,5.7,4.2,6.8,9.8,4.9,centro,30s,media,123o,feminino,40,2a,central,SaoPaulo.interior
T,Qualtrics,Luisa,Luisa.T,Femin.T,6,5.1,3.4,2.4,7.6,8.6,8.9,3.2,nao.sei,20s,media.baixa,123o,feminino,40,2a,central,SaoPaulo.interior
T,Qualtrics,Antonio,Antonio.T,Masc.T,3.3,6.4,2,5.3,6.6,6.7,6.7,5.7,nao.sei,40s,media,124o,feminino,16,1a,central,SaoPaulo.capital
R,Qualtrics,Daniela,Daniela.R,Femin.R,9.9,2.4,4,0.3,9.6,0.2,9.4,3.6,nao.sei,20s,media.baixa,124o,feminino,16,1a,central,SaoPaulo.capital
R,Qualtrics,Paulo,Paulo.R,Masc.R,0.9,4.4,2.9,6.8,3.3,1.3,6.4,2.7,nao.sei,30s,media.baixa,124o,feminino,16,1a,central,SaoPaulo.capital
T,Qualtrics,Luisa,Luisa.T,Femin.T,5,6.8,5,4.1,4.4,8.3,8.1,5.3,leste,30s,media.alta,124o,feminino,16,1a,central,SaoPaulo.capital
T,Qualtrics,Antonio,Antonio.T,Masc.T,4.9,7.2,7.7,3.7,4.1,9.3,8.2,9.1,oeste,40s,media.alta,125o,feminino,30,1a,central,SaoPaulo.interior
R,Qualtrics,Daniela,Daniela.R,Femin.R,7.6,4.1,6,3.1,6.2,5.5,8,5.8,leste,20s,media.baixa,125o,feminino,30,1a,central,SaoPaulo.interior
R,Qualtrics,Paulo,Paulo.R,Masc.R,7.2,5.8,4.4,3.2,6.3,3.9,6.3,5.8,nao.sei,20s,media.baixa,125o,feminino,30,1a,central,SaoPaulo.interior
T,Qualtrics,Luisa,Luisa.T,Femin.T,7.5,6.7,7.4,3.4,4.9,7.5,6.3,8.9,oeste,20s,media.alta,125o,feminino,30,1a,central,SaoPaulo.interior
T,Qualtrics,Antonio,Antonio.T,Masc.T,3.9,8.7,9.3,8.4,5,8.1,1.6,9.3,nao.sei,30s,media,126o,masculino,35,2a,central,SaoPaulo.capital
R,Qualtrics,Daniela,Daniela.R,Femin.R,5,7.4,7.9,5.3,7.9,0.2,8.5,5.5,nao.sei,30s,media,126o,masculino,35,2a,central,SaoPaulo.capital
R,Qualtrics,Paulo,Paulo.R,Masc.R,1.6,2.3,3.7,1.3,3.4,1,9.7,1.1,leste,40s,media.baixa,126o,masculino,35,2a,central,SaoPaulo.capital
T,Qualtrics,Luisa,Luisa.T,Femin.T,5.6,6.7,7.4,3.9,6.3,8.5,1,9.7,nao.sei,20s,media,126o,masculino,35,2a,central,SaoPaulo.capital
T,Qualtrics,Antonio,Antonio.T,Masc.T,7.9,9,9.7,5.9,6.3,2.2,0.5,7.5,oeste,40s,media,127o,feminino,35,2a,central,SaoPaulo.capital
R,Qualtrics,Daniela,Daniela.R,Femin.R,7.9,4.3,4.8,0.3,5.5,8.8,9.8,8,sul,20s,media,127o,feminino,35,2a,central,SaoPaulo.capital
R,Qualtrics,Paulo,Paulo.R,Masc.R,2.3,4.2,7.3,5,3,8.5,9.8,5.1,norte,20s,media.baixa,127o,feminino,35,2a,central,SaoPaulo.capital
T,Qualtrics,Luisa,Luisa.T,Femin.T,5.5,4.7,4.9,3.4,5,6.9,7.7,6,leste,20s,media,127o,feminino,35,2a,central,SaoPaulo.capital
T,Qualtrics,Antonio,Antonio.T,Masc.T,4.8,9.3,8.9,8.4,7,4.8,2.5,4.9,centro,30s,media,128o,feminino,29,1a,periferica,SaoPaulo.interior
R,Qualtrics,Daniela,Daniela.R,Femin.R,6.7,5.2,7.9,3.5,5.4,1.5,0.6,6,nao.sei,30s,media,128o,feminino,29,1a,periferica,SaoPaulo.interior
R,Qualtrics,Paulo,Paulo.R,Masc.R,0,5.5,4.8,3.1,6.8,2.5,0.1,4.7,nao.sei,30s,media,128o,feminino,29,1a,periferica,SaoPaulo.interior
T,Qualtrics,Luisa,Luisa.T,Femin.T,2.6,7.4,5.8,5.6,5.1,8.8,9,6.3,nao.sei,30s,media.alta,128o,feminino,29,1a,periferica,SaoPaulo.interior
T,Qualtrics,Antonio,Antonio.T,Masc.T,4.4,6.6,7,4,5.8,9.8,8.1,4.6,nao.sei,20s,media,129o,feminino,34,1a,periferica,SaoPaulo.capital
R,Qualtrics,Daniela,Daniela.R,Femin.R,7.2,4.6,4.6,5.3,5.1,8.5,8.9,6.5,centro,20s,media,129o,feminino,34,1a,periferica,SaoPaulo.capital
R,Qualtrics,Paulo,Paulo.R,Masc.R,2.2,5.9,5.5,5.1,3.5,6,7.9,4.3,nao.sei,30s,media,129o,feminino,34,1a,periferica,SaoPaulo.capital
T,Qualtrics,Luisa,Luisa.T,Femin.T,5.4,4.6,4.7,5.9,7.8,6.7,7,4.5,nao.sei,20s,media,129o,feminino,34,1a,periferica,SaoPaulo.capital
T,Qualtrics,Antonio,Antonio.T,Masc.T,7.5,9.9,7.1,6.2,7.4,6.2,4.9,6.4,oeste,30s,media,130o,masculino,25,1a,central,SaoPaulo.capital
R,Qualtrics,Daniela,Daniela.R,Femin.R,7.8,6.1,6.8,4.8,6.7,7.4,4.8,4.6,nao.sei,20s,media,130o,masculino,25,1a,central,SaoPaulo.capital
R,Qualtrics,Paulo,Paulo.R,Masc.R,4.4,5.7,4.1,4.3,5.1,7.9,6,3.8,nao.sei,20s,media,130o,masculino,25,1a,central,SaoPaulo.capital
T,Qualtrics,Luisa,Luisa.T,Femin.T,5.9,6.2,5.4,5.5,5,7,5.1,5.9,nao.sei,20s,media.alta,130o,masculino,25,1a,central,SaoPaulo.capital
T,Qualtrics,Antonio,Antonio.T,Masc.T,1.7,9.7,8.9,10,6.1,2.2,3.3,5.1,sul,40s,media,131o,feminino,38,2a,central,SaoPaulo.capital
R,Qualtrics,Daniela,Daniela.R,Femin.R,5.6,5.4,9.8,5.6,7.4,7.4,4.1,4,oeste,30s,media,131o,feminino,38,2a,central,SaoPaulo.capital
R,Qualtrics,Paulo,Paulo.R,Masc.R,2.4,4.1,6,3.5,2.9,4.2,4.2,2.3,leste,30s,media.baixa,131o,feminino,38,2a,central,SaoPaulo.capital
T,Qualtrics,Luisa,Luisa.T,Femin.T,5.5,5.5,7.5,7.1,6.7,7.5,6.9,5.7,norte,30s,media,131o,feminino,38,2a,central,SaoPaulo.capital
T,Qualtrics,Antonio,Antonio.T,Masc.T,3.8,6.5,6.2,6.8,4.4,6.9,4.4,8,sul,30s,media,132o,masculino,39,2a,periferica,SaoPaulo.capital
R,Qualtrics,Daniela,Daniela.R,Femin.R,2.2,5.3,5.7,2.9,4.6,7.5,4.9,3.6,leste,30s,media.baixa,132o,masculino,39,2a,periferica,SaoPaulo.capital
R,Qualtrics,Paulo,Paulo.R,Masc.R,2.1,5.7,4.9,3,4.1,5.8,5.9,2.6,leste,20s,media,132o,masculino,39,2a,periferica,SaoPaulo.capital
T,Qualtrics,Luisa,Luisa.T,Femin.T,4.9,5.5,5.1,0.7,5.4,4.8,5.5,3,leste,20s,media.baixa,132o,masculino,39,2a,periferica,SaoPaulo.capital
T,Qualtrics,Antonio,Antonio.T,Masc.T,7,9.4,9.8,4.5,2.4,5.9,1.9,9.7,sul,30s,media.alta,133o,masculino,36,2a,central,SaoPaulo.capital
R,Qualtrics,Daniela,Daniela.R,Femin.R,6.6,3.8,5.2,7.6,7.6,2.2,5.7,5.7,sul,30s,media,133o,masculino,36,2a,central,SaoPaulo.capital
R,Qualtrics,Paulo,Paulo.R,Masc.R,2.1,7.9,4.8,6.2,5.8,4.6,5.3,4.6,norte,20s,media.baixa,133o,masculino,36,2a,central,SaoPaulo.capital
T,Qualtrics,Luisa,Luisa.T,Femin.T,5.1,7.6,6.3,4.2,6.8,5.5,5.7,6,leste,20s,media.alta,133o,masculino,36,2a,central,SaoPaulo.capital
T,Qualtrics,Antonio,Antonio.T,Masc.T,6.7,6.4,6.1,5.8,6.9,7.7,8.9,7.5,sul,30s,media,134o,feminino,24,1a,central,SaoPaulo.capital
R,Qualtrics,Daniela,Daniela.R,Femin.R,7.9,5,7.1,3.9,7.6,5.4,7.6,2,nao.sei,30s,media.baixa,134o,feminino,24,1a,central,SaoPaulo.capital
R,Qualtrics,Paulo,Paulo.R,Masc.R,6.7,7.1,7.7,4.5,7.4,5.3,7.2,4.8,nao.sei,30s,media,134o,feminino,24,1a,central,SaoPaulo.capital
T,Qualtrics,Luisa,Luisa.T,Femin.T,6.7,7,7.7,7.4,6.5,7.5,7.3,6.2,nao.sei,30s,media.alta,134o,feminino,24,1a,central,SaoPaulo.capital
T,Qualtrics,Antonio,Antonio.T,Masc.T,5.9,4.7,4.8,3.7,5.7,7.8,1.3,7.5,nao.sei,30s,media,135o,feminino,54,2a,periferica,SaoPaulo.capital
R,Qualtrics,Daniela,Daniela.R,Femin.R,7.4,4,2.1,2,6.2,0.5,6.9,0.9,nao.sei,20s,media.baixa,135o,feminino,54,2a,periferica,SaoPaulo.capital
R,Qualtrics,Paulo,Paulo.R,Masc.R,5.5,4.6,4.7,3.2,6.4,1.8,9.1,2.9,nao.sei,40s,media.baixa,135o,feminino,54,2a,periferica,SaoPaulo.capital
T,Qualtrics,Luisa,Luisa.T,Femin.T,6.3,7.5,5.5,1.8,4.7,4,1.4,4.5,nao.sei,30s,media,135o,feminino,54,2a,periferica,SaoPaulo.capital
T,Qualtrics,Antonio,Antonio.T,Masc.T,5.7,9.7,6.5,7.8,9.8,4.3,4.6,7,oeste,30s,media,136o,masculino,36,2a,central,SaoPaulo.interior
R,Qualtrics,Daniela,Daniela.R,Femin.R,7.1,6.4,5.1,4.4,5.7,1.1,7.7,7,nao.sei,30s,media,136o,masculino,36,2a,central,SaoPaulo.interior
R,Qualtrics,Paulo,Paulo.R,Masc.R,4.6,5.1,4.1,5.7,4.5,1.3,8.2,4.4,nao.sei,20s,media,136o,masculino,36,2a,central,SaoPaulo.interior
T,Qualtrics,Luisa,Luisa.T,Femin.T,5.9,6.2,4.6,5.4,7.2,4.4,0.6,5.9,leste,20s,media,136o,masculino,36,2a,central,SaoPaulo.interior
T,Qualtrics,Antonio,Antonio.T,Masc.T,3.4,9,6.2,7.3,5.2,5.1,5.6,6.4,oeste,40s,media,137o,feminino,54,2a,periferica,SaoPaulo.capital
R,Qualtrics,Daniela,Daniela.R,Femin.R,6.4,5.1,6.2,5.4,5.8,0.9,6.7,5.2,nao.sei,20s,media,137o,feminino,54,2a,periferica,SaoPaulo.capital
R,Qualtrics,Paulo,Paulo.R,Masc.R,7.5,9.5,9.9,5.6,7.8,1.9,6.9,7,nao.sei,40s,media,137o,feminino,54,2a,periferica,SaoPaulo.capital
T,Qualtrics,Luisa,Luisa.T,Femin.T,7.4,8.5,9.5,4.5,8,8.7,4,2.4,nao.sei,20s,media,137o,feminino,54,2a,periferica,SaoPaulo.capital
T,Qualtrics,Antonio,Antonio.T,Masc.T,5,5.2,4.1,2.3,4.2,4.5,2.5,4.9,nao.sei,30s,media.baixa,138o,masculino,22,1a,central,SaoPaulo.capital
R,Qualtrics,Daniela,Daniela.R,Femin.R,5.7,4.4,5.2,4,2.1,1.9,1.2,6.4,nao.sei,20s,media.alta,138o,masculino,22,1a,central,SaoPaulo.capital
R,Qualtrics,Paulo,Paulo.R,Masc.R,3.4,5.3,3,1.4,4.7,9.2,9.8,4,nao.sei,30s,media,138o,masculino,22,1a,central,SaoPaulo.capital
T,Qualtrics,Luisa,Luisa.T,Femin.T,0.4,3.3,3.1,0.1,5.8,4,2.2,5.5,nao.sei,10s,media,138o,masculino,22,1a,central,SaoPaulo.capital
T,Qualtrics,Antonio,Antonio.T,Masc.T,2.3,5.8,4.1,5,7.6,3.5,6.9,6.3,nao.sei,30s,media.baixa,139o,masculino,26,1a,periferica,SaoPaulo.capital
R,Qualtrics,Daniela,Daniela.R,Femin.R,9.5,3.2,3.5,3.3,8.2,6.9,7.3,3.5,leste,20s,media.baixa,139o,masculino,26,1a,periferica,SaoPaulo.capital
R,Qualtrics,Paulo,Paulo.R,Masc.R,4,9.1,5.7,7.6,2.6,7.6,8.2,1.7,nao.sei,20s,baixa,139o,masculino,26,1a,periferica,SaoPaulo.capital
T,Qualtrics,Luisa,Luisa.T,Femin.T,3.5,7.3,4.8,3.9,6.4,8.7,8.4,4.3,sul,10s,media.alta,139o,masculino,26,1a,periferica,SaoPaulo.capital
T,Qualtrics,Antonio,Antonio.T,Masc.T,6.2,7,6.3,6.3,5.5,9.6,7.7,7.4,oeste,40s,media.alta,140o,masculino,21,1a,periferica,outro.estado
R,Qualtrics,Daniela,Daniela.R,Femin.R,9.2,6,4.6,5,6.5,7.7,8.8,2.7,leste,20s,media,140o,masculino,21,1a,periferica,outro.estado
R,Qualtrics,Paulo,Paulo.R,Masc.R,5.9,6,5.1,2.7,4.8,5.3,8.7,5.5,nao.sei,20s,media.baixa,140o,masculino,21,1a,periferica,outro.estado
T,Qualtrics,Luisa,Luisa.T,Femin.T,7.9,7.1,5,3.5,5.3,8.2,9,9.5,oeste,30s,media.alta,140o,masculino,21,1a,periferica,outro.estado
T,Qualtrics,Antonio,Antonio.T,Masc.T,7,8.4,7.4,4,6.5,7.5,4.9,6.6,leste,30s,media.alta,141o,masculino,25,1a,central,SaoPaulo.capital
R,Qualtrics,Daniela,Daniela.R,Femin.R,9.4,7.7,6.6,4,9.1,6,6.1,4.9,leste,20s,media,141o,masculino,25,1a,central,SaoPaulo.capital
R,Qualtrics,Paulo,Paulo.R,Masc.R,2.9,2.8,4.5,2.3,0.7,2.6,9.4,1.7,sul,20s,media.baixa,141o,masculino,25,1a,central,SaoPaulo.capital
T,Qualtrics,Luisa,Luisa.T,Femin.T,5.6,7.8,5.1,6.3,5.2,6.1,3.7,7.9,centro,20s,media,141o,masculino,25,1a,central,SaoPaulo.capital
T,Qualtrics,Antonio,Antonio.T,Masc.T,2.3,6.1,7.2,5.8,5.7,8.2,3.5,5.6,nao.sei,40s,media.alta,142o,feminino,21,1a,central,SaoPaulo.capital
R,Qualtrics,Daniela,Daniela.R,Femin.R,6.4,9.9,9.3,2.9,7.6,3.7,2.6,5.6,nao.sei,30s,media.alta,142o,feminino,21,1a,central,SaoPaulo.capital
R,Qualtrics,Paulo,Paulo.R,Masc.R,3.8,5.7,4.3,0.7,4,0,6.8,5.6,nao.sei,30s,media,142o,feminino,21,1a,central,SaoPaulo.capital
T,Qualtrics,Luisa,Luisa.T,Femin.T,5.1,8.7,6.4,3.7,7.5,9.5,0.4,7.7,nao.sei,20s,media.alta,142o,feminino,21,1a,central,SaoPaulo.capital
T,Qualtrics,Antonio,Antonio.T,Masc.T,4.9,4.8,1.5,2,2.3,8.9,3.1,8.6,norte,30s,media.alta,143o,masculino,24,1a,central,SaoPaulo.capital
R,Qualtrics,Daniela,Daniela.R,Femin.R,5.9,4.2,6,2,7,4.4,7.5,5.7,leste,30s,media,143o,masculino,24,1a,central,SaoPaulo.capital
R,Qualtrics,Paulo,Paulo.R,Masc.R,1.7,6.7,4.6,3.9,3.2,5.7,2.6,2.3,sul,20s,media,143o,masculino,24,1a,central,SaoPaulo.capital
T,Qualtrics,Luisa,Luisa.T,Femin.T,2.1,5.5,3.3,3.5,4,4.8,4.6,4.9,nao.sei,30s,media.baixa,143o,masculino,24,1a,central,SaoPaulo.capital
T,Qualtrics,Antonio,Antonio.T,Masc.T,2.9,9.7,6.3,7.1,3.8,0.7,1.3,6.1,oeste,30s,media,144o,masculino,23,1a,central,SaoPaulo.capital
R,Qualtrics,Daniela,Daniela.R,Femin.R,6.4,5.9,3.8,0.1,7.3,2.6,4.6,5.8,nao.sei,30s,media,144o,masculino,23,1a,central,SaoPaulo.capital
R,Qualtrics,Paulo,Paulo.R,Masc.R,1,3.8,0.8,1.6,3.4,0.9,7.7,3.1,leste,20s,media.baixa,144o,masculino,23,1a,central,SaoPaulo.capital
T,Qualtrics,Luisa,Luisa.T,Femin.T,2,5.2,4,1.8,5,4.3,6.7,4.4,nao.sei,40s,media,144o,masculino,23,1a,central,SaoPaulo.capital
T,Qualtrics,Antonio,Antonio.T,Masc.T,4.6,9.4,8.6,3.9,4.7,7.2,1.4,6.1,sul,40s,media.alta,145o,masculino,25,1a,central,SaoPaulo.capital
R,Qualtrics,Daniela,Daniela.R,Femin.R,6.8,4.5,5.2,2.5,7.9,6.5,0.5,5.7,nao.sei,30s,media,145o,masculino,25,1a,central,SaoPaulo.capital
R,Qualtrics,Paulo,Paulo.R,Masc.R,3.1,5.5,5.1,2.1,4.3,4.5,6.7,7.7,nao.sei,20s,media,145o,masculino,25,1a,central,SaoPaulo.capital
T,Qualtrics,Luisa,Luisa.T,Femin.T,3.5,5,4.6,3.4,5.3,6,0.3,7.1,nao.sei,20s,media,145o,masculino,25,1a,central,SaoPaulo.capital
T,Qualtrics,Antonio,Antonio.T,Masc.T,5.9,7.3,5.2,0.4,4,9.7,1.9,5,oeste,30s,media,146o,masculino,25,1a,periferica,SaoPaulo.capital
R,Qualtrics,Daniela,Daniela.R,Femin.R,9.6,6.9,6.4,0.5,8.2,3.2,7.4,4.8,nao.sei,20s,media,146o,masculino,25,1a,periferica,SaoPaulo.capital
R,Qualtrics,Paulo,Paulo.R,Masc.R,4.1,4.5,5.9,5.7,5.2,4.1,7.8,5.5,nao.sei,20s,media,146o,masculino,25,1a,periferica,SaoPaulo.capital
T,Qualtrics,Luisa,Luisa.T,Femin.T,3.8,4.9,3.1,7.8,2.3,4.5,0.3,5.3,sul,20s,media.alta,146o,masculino,25,1a,periferica,SaoPaulo.capital
T,Qualtrics,Antonio,Antonio.T,Masc.T,5.2,7.1,7.7,4.8,7.5,9.9,3.7,6.9,oeste,30s,media.alta,147o,masculino,21,1a,central,SaoPaulo.capital
R,Qualtrics,Daniela,Daniela.R,Femin.R,9.9,5.3,2.1,3.8,8.4,2.4,9.3,3.2,norte,20s,media,147o,masculino,21,1a,central,SaoPaulo.capital
R,Qualtrics,Paulo,Paulo.R,Masc.R,7,7.1,9.9,8.6,2.7,4.6,6.3,6.3,centro,40s,media.alta,147o,masculino,21,1a,central,SaoPaulo.capital
T,Qualtrics,Luisa,Luisa.T,Femin.T,3.8,4.9,2.2,3.9,6.1,8.8,3.9,6.9,sul,30s,media,147o,masculino,21,1a,central,SaoPaulo.capital
R,Qualtrics,Antonio,Antonio.R,Masc.R,7.2,7.4,7.3,5,4.7,6.1,7.1,4.5,nao.sei,30s,media,148o,masculino,28,1a,central,SaoPaulo.capital
T,Qualtrics,Daniela,Daniela.T,Femin.T,8.3,6.3,6,1.3,7.1,8.7,2.1,7.4,nao.sei,20s,media.alta,148o,masculino,28,1a,central,SaoPaulo.capital
T,Qualtrics,Paulo,Paulo.T,Masc.T,5.4,5,4.3,2.1,2.7,5.2,4.8,3.5,nao.sei,20s,media.baixa,148o,masculino,28,1a,central,SaoPaulo.capital
R,Qualtrics,Luisa,Luisa.R,Femin.R,5.1,7.2,4.4,3.8,7.8,7.8,5.9,5.6,nao.sei,30s,media,148o,masculino,28,1a,central,SaoPaulo.capital
R,Qualtrics,Antonio,Antonio.R,Masc.R,5.1,7.6,7.1,4.2,6.5,2.1,5.6,4.3,nao.sei,20s,media,149o,masculino,32,1a,central,SaoPaulo.capital
T,Qualtrics,Daniela,Daniela.T,Femin.T,9.4,4.3,4.3,3.3,7.2,7.8,1.9,7.3,nao.sei,20s,media,149o,masculino,32,1a,central,SaoPaulo.capital
T,Qualtrics,Paulo,Paulo.T,Masc.T,3.9,2.8,5.7,6.9,5.6,6,3.4,2.2,leste,30s,media.baixa,149o,masculino,32,1a,central,SaoPaulo.capital
R,Qualtrics,Luisa,Luisa.R,Femin.R,7.5,5.4,4.7,2,5.7,8.3,8.4,6.3,oeste,20s,media,149o,masculino,32,1a,central,SaoPaulo.capital
R,Qualtrics,Antonio,Antonio.R,Masc.R,5.6,7.5,6.8,5.2,4,7.6,6.9,9.5,oeste,30s,media,150o,feminino,54,2a,periferica,SaoPaulo.interior
T,Qualtrics,Daniela,Daniela.T,Femin.T,7.5,2.6,4.2,3.7,6.5,4.3,5.4,1.7,leste,40s,media.baixa,150o,feminino,54,2a,periferica,SaoPaulo.interior
T,Qualtrics,Paulo,Paulo.T,Masc.T,2.4,7.3,6.6,8.6,3.5,8.3,10,9.3,centro,40s,media.alta,150o,feminino,54,2a,periferica,SaoPaulo.interior
R,Qualtrics,Luisa,Luisa.R,Femin.R,5.3,3.7,5.9,2,3.1,0,6.7,5.6,sul,20s,baixa,150o,feminino,54,2a,periferica,SaoPaulo.interior
R,Qualtrics,Antonio,Antonio.R,Masc.R,4.8,9.3,7.6,6.4,4.5,0.7,2.6,9,nao.sei,30s,media.alta,151o,masculino,33,1a,central,SaoPaulo.capital
T,Qualtrics,Daniela,Daniela.T,Femin.T,6.7,7.4,4.6,2.6,6.5,6.9,6.3,4.1,centro,20s,media,151o,masculino,33,1a,central,SaoPaulo.capital
T,Qualtrics,Paulo,Paulo.T,Masc.T,3.9,5.2,7.1,5.8,1.9,4.4,4.4,5.3,oeste,40s,media,151o,masculino,33,1a,central,SaoPaulo.capital
R,Qualtrics,Luisa,Luisa.R,Femin.R,8.8,6.1,4.4,5.7,7.4,9.5,8.5,10,centro,20s,media.baixa,151o,masculino,33,1a,central,SaoPaulo.capital
R,Qualtrics,Antonio,Antonio.R,Masc.R,5.7,4.1,4.4,5.6,8.6,0,9.2,4.5,leste,30s,media.baixa,153o,masculino,27,1a,central,SaoPaulo.capital
T,Qualtrics,Daniela,Daniela.T,Femin.T,3.1,3.1,3.2,1.2,3.6,9.1,1.2,1.2,leste,20s,baixa,153o,masculino,27,1a,central,SaoPaulo.capital
T,Qualtrics,Paulo,Paulo.T,Masc.T,1.3,9.8,7.7,7.1,0.6,9.3,0.5,7.5,norte,30s,media,153o,masculino,27,1a,central,SaoPaulo.capital
R,Qualtrics,Luisa,Luisa.R,Femin.R,2.2,4.6,5.6,5.9,9.4,8.1,0.4,5.1,sul,20s,media,153o,masculino,27,1a,central,SaoPaulo.capital
R,Qualtrics,Antonio,Antonio.R,Masc.R,6.5,6.9,6,4.2,6.3,4.7,5.3,5.2,nao.sei,20s,media,154o,feminino,31,1a,central,SaoPaulo.interior
T,Qualtrics,Daniela,Daniela.T,Femin.T,4.1,4.3,5.1,4.8,2.9,8.1,6.6,5.7,nao.sei,20s,media,154o,feminino,31,1a,central,SaoPaulo.interior
T,Qualtrics,Paulo,Paulo.T,Masc.T,3.6,7.2,7.8,6.4,7.6,7.1,7.9,7.7,nao.sei,40s,media,154o,feminino,31,1a,central,SaoPaulo.interior
R,Qualtrics,Luisa,Luisa.R,Femin.R,6,4.8,5.6,5.6,5.1,0.4,4.9,2.4,nao.sei,30s,media,154o,feminino,31,1a,central,SaoPaulo.interior
R,Qualtrics,Antonio,Antonio.R,Masc.R,2.7,6.8,6,2.1,5.8,7,3.9,4.1,nao.sei,30s,media,155o,feminino,24,1a,periferica,SaoPaulo.capital
T,Qualtrics,Daniela,Daniela.T,Femin.T,5.1,6,4.8,0.2,4.2,5.3,5.6,5.7,nao.sei,20s,NA,155o,feminino,24,1a,periferica,SaoPaulo.capital
T,Qualtrics,Paulo,Paulo.T,Masc.T,1.5,7.9,7,5.4,3.7,5.5,4.5,4.5,nao.sei,40s,media,155o,feminino,24,1a,periferica,SaoPaulo.capital
R,Qualtrics,Luisa,Luisa.R,Femin.R,1,5.4,5.6,0,6,5.5,4.2,4.2,nao.sei,20s,NA,155o,feminino,24,1a,periferica,SaoPaulo.capital
R,Qualtrics,Antonio,Antonio.R,Masc.R,6.3,6,6.3,2.7,7.8,3.8,4.9,6.1,nao.sei,40s,media,156o,feminino,31,1a,periferica,SaoPaulo.capital
T,Qualtrics,Daniela,Daniela.T,Femin.T,8.2,4,4.3,7.7,7.5,8.3,6,7.2,oeste,30s,media,156o,feminino,31,1a,periferica,SaoPaulo.capital
T,Qualtrics,Paulo,Paulo.T,Masc.T,3.2,5.2,4.5,7.9,2.6,8.2,6,6,nao.sei,30s,media.baixa,156o,feminino,31,1a,periferica,SaoPaulo.capital
R,Qualtrics,Luisa,Luisa.R,Femin.R,5.4,3.9,4.7,3.8,4.1,7.2,6.1,4,nao.sei,20s,baixa,156o,feminino,31,1a,periferica,SaoPaulo.capital
R,Qualtrics,Antonio,Antonio.R,Masc.R,4.7,7.7,7.1,5.9,5.4,6.5,0.2,4.9,sul,30s,media.alta,157o,feminino,32,1a,periferica,SaoPaulo.capital
T,Qualtrics,Daniela,Daniela.T,Femin.T,8.6,6.3,6.9,5.8,7.9,9.6,6.2,6.6,norte,30s,media.alta,157o,feminino,32,1a,periferica,SaoPaulo.capital
T,Qualtrics,Paulo,Paulo.T,Masc.T,6.4,9.6,8.9,6.2,9.5,4.8,3.5,6.5,centro,30s,media,157o,feminino,32,1a,periferica,SaoPaulo.capital
R,Qualtrics,Luisa,Luisa.R,Femin.R,8.7,10,8.9,3,4.4,1.9,0.7,2.6,leste,20s,media,157o,feminino,32,1a,periferica,SaoPaulo.capital
R,Qualtrics,Antonio,Antonio.R,Masc.R,5.1,7.2,5.7,0.7,4.7,3.3,4.6,7,nao.sei,30s,media,158o,feminino,22,1a,central,SaoPaulo.interior
T,Qualtrics,Daniela,Daniela.T,Femin.T,9.9,7.7,6.9,0.3,7.3,5.3,3.4,4.4,nao.sei,30s,media,158o,feminino,22,1a,central,SaoPaulo.interior
T,Qualtrics,Paulo,Paulo.T,Masc.T,3.7,6,6.6,5.5,3.5,3.8,3.9,5,nao.sei,40s,media,158o,feminino,22,1a,central,SaoPaulo.interior
R,Qualtrics,Luisa,Luisa.R,Femin.R,4.9,6.1,7.4,5.6,4.6,7.3,2.1,4.6,oeste,20s,media.alta,158o,feminino,22,1a,central,SaoPaulo.interior
R,Qualtrics,Antonio,Antonio.R,Masc.R,5.3,8.5,5.3,6,8,2.3,5.2,7.2,nao.sei,30s,media.alta,159o,feminino,52,2a,central,SaoPaulo.capital
T,Qualtrics,Daniela,Daniela.T,Femin.T,7.4,4.5,4.2,4.6,5.1,7.9,6.9,6,nao.sei,30s,media,159o,feminino,52,2a,central,SaoPaulo.capital
T,Qualtrics,Paulo,Paulo.T,Masc.T,3.8,9.5,8.7,5.4,6.8,6.6,7.4,7.1,nao.sei,20s,media,159o,feminino,52,2a,central,SaoPaulo.capital
R,Qualtrics,Luisa,Luisa.R,Femin.R,6.7,6,4.5,4.4,7.2,7,6.7,9.7,nao.sei,10s,alta,159o,feminino,52,2a,central,SaoPaulo.capital
R,Qualtrics,Antonio,Antonio.R,Masc.R,7.4,6.8,5.7,2.8,4.1,8.8,6.4,5.7,NA,40s,media,160o,masculino,53,2a,central,outro.estado
T,Qualtrics,Daniela,Daniela.T,Femin.T,7.4,3.9,3.7,2.4,3.6,2.6,3.4,7.0,nao.sei,40s,media,160o,masculino,53,2a,central,outro.estado
T,Qualtrics,Paulo,Paulo.T,Masc.T,6.2,6.8,7.7,4.8,6.4,0.1,4.7,8.0,oeste,40s,media.alta,160o,masculino,53,2a,central,outro.estado
R,Qualtrics,Luisa,Luisa.R,Femin.R,6.9,5.4,4.2,4,6.8,7.5,7.5,3.0,sul,20s,media,160o,masculino,53,2a,central,outro.estado
R,Qualtrics,Antonio,Antonio.R,Masc.R,4.2,6.6,8.7,2.7,7.9,9.7,3.5,6.9,nao.sei,40s,media.alta,161o,masculino,27,1a,periferica,outro.estado
T,Qualtrics,Daniela,Daniela.T,Femin.T,8,6.9,6.8,7.2,6.4,7.1,2.9,7.3,nao.sei,20s,media.alta,161o,masculino,27,1a,periferica,outro.estado
T,Qualtrics,Paulo,Paulo.T,Masc.T,4.3,5.9,7.5,6.8,4.8,7.7,2.2,4.5,nao.sei,20s,media,161o,masculino,27,1a,periferica,outro.estado
R,Qualtrics,Luisa,Luisa.R,Femin.R,2.6,7.1,4.8,7.6,5.4,7.4,3.4,6.9,nao.sei,20s,media.alta,161o,masculino,27,1a,periferica,outro.estado
R,Qualtrics,Antonio,Antonio.R,Masc.R,9.3,5,5.1,3.6,3.8,8.5,0.6,5,sul,30s,media.alta,162o,feminino,42,2a,central,SaoPaulo.capital
T,Qualtrics,Daniela,Daniela.T,Femin.T,10,8.2,5.1,1.1,5,5.6,4.2,5.5,sul,20s,media,162o,feminino,42,2a,central,SaoPaulo.capital
T,Qualtrics,Paulo,Paulo.T,Masc.T,2.4,6.8,4.3,8,0.2,9.3,1.7,4.8,sul,30s,media,162o,feminino,42,2a,central,SaoPaulo.capital
R,Qualtrics,Luisa,Luisa.R,Femin.R,8.6,5.5,5.4,0,1.4,9.6,1,5.7,sul,20s,media,162o,feminino,42,2a,central,SaoPaulo.capital
R,Qualtrics,Antonio,Antonio.R,Masc.R,5.1,9.9,7.5,6.1,7.6,6.5,1.8,6.2,oeste,30s,media.alta,163o,masculino,37,2a,central,SaoPaulo.capital
T,Qualtrics,Daniela,Daniela.T,Femin.T,7.6,7.6,4.3,3.8,4.4,7.5,3.8,2.4,leste,30s,media,163o,masculino,37,2a,central,SaoPaulo.capital
T,Qualtrics,Paulo,Paulo.T,Masc.T,9.3,8.7,8.1,1.7,5.5,6.5,2.9,4.9,oeste,30s,media,163o,masculino,37,2a,central,SaoPaulo.capital
R,Qualtrics,Luisa,Luisa.R,Femin.R,4.7,6.8,5.1,4,4.3,4.9,3.7,2.1,centro,30s,media.baixa,163o,masculino,37,2a,central,SaoPaulo.capital
R,Qualtrics,Antonio,Antonio.R,Masc.R,4.3,6.5,6.7,6.6,4.1,7.3,2.5,6.4,oeste,40s,media,164o,feminino,32,1a,periferica,SaoPaulo.capital
T,Qualtrics,Daniela,Daniela.T,Femin.T,9.5,5.1,4.5,2.7,4.5,8.5,2.5,7.9,centro,30s,media.baixa,164o,feminino,32,1a,periferica,SaoPaulo.capital
T,Qualtrics,Paulo,Paulo.T,Masc.T,3.2,3.7,5.1,7.7,5.2,7.3,2.1,4.5,sul,30s,media.baixa,164o,feminino,32,1a,periferica,SaoPaulo.capital
R,Qualtrics,Luisa,Luisa.R,Femin.R,4.6,7.1,7.3,3.6,4.5,9.4,3.8,5.0,oeste,20s,media,164o,feminino,32,1a,periferica,SaoPaulo.capital
R,Qualtrics,Antonio,Antonio.R,Masc.R,5,4.7,3.1,2.5,6.8,8.7,1.3,8.9,norte,40s,media,165o,feminino,47,2a,central,SaoPaulo.interior
T,Qualtrics,Daniela,Daniela.T,Femin.T,1.1,4,2.8,3.1,8.7,8.4,1.4,7.0,leste,30s,media,165o,feminino,47,2a,central,SaoPaulo.interior
T,Qualtrics,Paulo,Paulo.T,Masc.T,5.3,5.1,5.3,4.2,5.7,5.4,0.8,8.9,centro,20s,media.alta,165o,feminino,47,2a,central,SaoPaulo.interior
R,Qualtrics,Luisa,Luisa.R,Femin.R,4.8,4.2,8.2,0.4,2.3,0.6,0.5,5.0,leste,20s,media,165o,feminino,47,2a,central,SaoPaulo.interior
R,Qualtrics,Antonio,Antonio.R,Masc.R,4.3,6.4,7.4,5.5,5.5,0.1,8.4,5.2,oeste,40s,media,166o,masculino,40,2a,central,outro.estado
T,Qualtrics,Daniela,Daniela.T,Femin.T,6.1,3.9,5,0.2,4.7,1,9.5,2,leste,30s,media.baixa,166o,masculino,40,2a,central,outro.estado
T,Qualtrics,Paulo,Paulo.T,Masc.T,0.2,4.4,7.5,4.1,4,8.6,9.5,9.9,centro,40s,media,166o,masculino,40,2a,central,outro.estado
R,Qualtrics,Luisa,Luisa.R,Femin.R,4.3,4.4,5.5,2.7,5.6,2.6,9.2,3.7,oeste,20s,media,166o,masculino,40,2a,central,outro.estado
R,Qualtrics,Antonio,Antonio.R,Masc.R,4.5,8.7,9.6,5.7,4.5,8.5,3.6,6.4,sul,40s,media,167o,feminino,30,1a,periferica,SaoPaulo.capital
T,Qualtrics,Daniela,Daniela.T,Femin.T,8.1,9.5,7.1,6.5,7.8,8.9,8.4,8.9,norte,30s,media,167o,feminino,30,1a,periferica,SaoPaulo.capital
T,Qualtrics,Paulo,Paulo.T,Masc.T,3.1,9.2,8.8,8.8,2.6,8.9,2.7,7.9,centro,40s,media,167o,feminino,30,1a,periferica,SaoPaulo.capital
R,Qualtrics,Luisa,Luisa.R,Femin.R,7.8,7,6.1,5.7,5.5,4,10,2.7,nao.sei,20s,media.baixa,167o,feminino,30,1a,periferica,SaoPaulo.capital
R,Qualtrics,Antonio,Antonio.R,Masc.R,4.4,5.2,6.6,2.5,6.9,0.1,8.7,0.5,nao.sei,30s,media.baixa,168o,feminino,23,1a,central,SaoPaulo.capital
T,Qualtrics,Daniela,Daniela.T,Femin.T,8.7,6.1,6.7,5.9,7.5,9.4,1.8,9.9,nao.sei,20s,media,168o,feminino,23,1a,central,SaoPaulo.capital
T,Qualtrics,Paulo,Paulo.T,Masc.T,1.4,4.5,4.4,9.8,2.6,8.8,1.8,4.1,nao.sei,30s,media,168o,feminino,23,1a,central,SaoPaulo.capital
R,Qualtrics,Luisa,Luisa.R,Femin.R,3.9,8.3,6.5,4,4.2,9.2,1,5.5,nao.sei,20s,media,168o,feminino,23,1a,central,SaoPaulo.capital
R,Qualtrics,Antonio,Antonio.R,Masc.R,2.7,6.9,7.5,4.9,7.2,3,2.2,6.1,sul,30s,media.alta,169o,masculino,17,1a,periferica,SaoPaulo.capital
T,Qualtrics,Daniela,Daniela.T,Femin.T,7.3,5.9,5.2,2.8,7,3,8,5.3,oeste,20s,media,169o,masculino,17,1a,periferica,SaoPaulo.capital
T,Qualtrics,Paulo,Paulo.T,Masc.T,2.5,7.5,7.8,4.4,2.3,5.7,4.6,4.3,leste,30s,media,169o,masculino,17,1a,periferica,SaoPaulo.capital
R,Qualtrics,Luisa,Luisa.R,Femin.R,7.7,5.3,4.4,2.5,6.7,2,8,4.6,norte,20s,media,169o,masculino,17,1a,periferica,SaoPaulo.capital
R,Qualtrics,Antonio,Antonio.R,Masc.R,2.1,8.3,6.9,8.8,4.4,3.5,9.4,1.4,nao.sei,30s,media.alta,170o,masculino,29,1a,central,grande.SP
T,Qualtrics,Daniela,Daniela.T,Femin.T,4.1,5.7,3.7,2.3,7.6,10,0.4,4.1,nao.sei,30s,media,170o,masculino,29,1a,central,grande.SP
T,Qualtrics,Paulo,Paulo.T,Masc.T,7.6,8,6.8,0.7,6.2,4.3,4.8,6.9,nao.sei,20s,media,170o,masculino,29,1a,central,grande.SP
R,Qualtrics,Luisa,Luisa.R,Femin.R,4,2.1,2.6,2.7,2.3,1.4,3.8,1.6,nao.sei,20s,media.baixa,170o,masculino,29,1a,central,grande.SP
R,Qualtrics,Antonio,Antonio.R,Masc.R,6.2,5,5,2.2,5.2,0.3,5.6,6.4,nao.sei,30s,media,171o,feminino,54,2a,central,SaoPaulo.capital
T,Qualtrics,Daniela,Daniela.T,Femin.T,8.3,7.7,4.3,3.1,4.7,8,1.8,7.1,nao.sei,30s,media,171o,feminino,54,2a,central,SaoPaulo.capital
T,Qualtrics,Paulo,Paulo.T,Masc.T,2.4,4.7,5.9,0.5,4.5,9.6,0.2,5.8,norte,30s,media,171o,feminino,54,2a,central,SaoPaulo.capital
R,Qualtrics,Luisa,Luisa.R,Femin.R,7.7,7,4.2,4.8,7.1,0.2,9.8,3.8,nao.sei,20s,media,171o,feminino,54,2a,central,SaoPaulo.capital
R,Qualtrics,Antonio,Antonio.R,Masc.R,3.5,4.6,5.8,5.3,4.1,5.3,1.8,4.4,nao.sei,30s,media,172o,feminino,31,1a,periferica,outro.estado
T,Qualtrics,Daniela,Daniela.T,Femin.T,7.5,4.7,4.3,3.7,4.5,5.6,1.6,5.4,nao.sei,20s,media,172o,feminino,31,1a,periferica,outro.estado
T,Qualtrics,Paulo,Paulo.T,Masc.T,0,7.2,6.8,7.9,3.4,5,0.1,6.6,nao.sei,40s,media.alta,172o,feminino,31,1a,periferica,outro.estado
R,Qualtrics,Luisa,Luisa.R,Femin.R,5.6,7.2,4.9,5.8,5.9,7.8,1.5,4.2,nao.sei,20s,media,172o,feminino,31,1a,periferica,outro.estado
R,Qualtrics,Antonio,Antonio.R,Masc.R,5.2,9.9,9.9,9.7,6.3,6.1,6.3,7.3,centro,40s,media,173o,feminino,33,1a,central,SaoPaulo.capital
T,Qualtrics,Daniela,Daniela.T,Femin.T,6.5,4.8,5.3,2.1,6.9,6.5,6.1,3,norte,30s,media.baixa,173o,feminino,33,1a,central,SaoPaulo.capital
T,Qualtrics,Paulo,Paulo.T,Masc.T,2.8,4.5,4.1,6.3,4.9,7.3,7.7,2.3,sul,30s,media.baixa,173o,feminino,33,1a,central,SaoPaulo.capital
R,Qualtrics,Luisa,Luisa.R,Femin.R,2.1,6.5,6.5,4.5,4.8,7.9,6.8,6.3,centro,30s,media.alta,173o,feminino,33,1a,central,SaoPaulo.capital
R,Qualtrics,Antonio,Antonio.R,Masc.R,2.2,8.4,9.2,8.7,7.8,9.7,8.6,9.5,oeste,30s,media,174o,feminino,36,2a,central,SaoPaulo.capital
T,Qualtrics,Daniela,Daniela.T,Femin.T,9.7,4.1,4.3,1.9,8.6,9.2,9.3,1.5,leste,20s,media,174o,feminino,36,2a,central,SaoPaulo.capital
T,Qualtrics,Paulo,Paulo.T,Masc.T,0.8,9.8,9.9,2.4,0.5,9.7,9.2,3.6,sul,40s,media.baixa,174o,feminino,36,2a,central,SaoPaulo.capital
R,Qualtrics,Luisa,Luisa.R,Femin.R,9.2,9,9.9,1.4,8.6,9.9,9.6,6.4,sul,30s,media,174o,feminino,36,2a,central,SaoPaulo.capital
R,Qualtrics,Antonio,Antonio.R,Masc.R,7.6,6.5,8,5.4,8.5,6.5,4.2,9.2,oeste,30s,media,175o,feminino,32,1a,central,SaoPaulo.capital
T,Qualtrics,Daniela,Daniela.T,Femin.T,9.1,7.1,4,3.9,8.7,7.3,7.1,6.6,sul,40s,media,175o,feminino,32,1a,central,SaoPaulo.capital
T,Qualtrics,Paulo,Paulo.T,Masc.T,5.7,8,7.2,4.7,7.1,8.4,8.7,7.8,nao.sei,30s,media,175o,feminino,32,1a,central,SaoPaulo.capital
R,Qualtrics,Luisa,Luisa.R,Femin.R,5.8,5.5,4.1,2.5,5.6,3.3,6.4,5.2,leste,20s,media.baixa,175o,feminino,32,1a,central,SaoPaulo.capital
R,Qualtrics,Antonio,Antonio.R,Masc.R,4,4.2,5.8,1.8,6.5,3.7,5.9,5.5,nao.sei,40s,media,176o,feminino,63,3a,periferica,SaoPaulo.capital
T,Qualtrics,Daniela,Daniela.T,Femin.T,8,6.1,4.7,4.4,6.7,7.5,0.3,7.5,nao.sei,30s,media,176o,feminino,63,3a,periferica,SaoPaulo.capital
T,Qualtrics,Paulo,Paulo.T,Masc.T,4.7,5.7,5.5,5.8,2.5,2.3,3.2,5.6,nao.sei,30s,media.alta,176o,feminino,63,3a,periferica,SaoPaulo.capital
R,Qualtrics,Luisa,Luisa.R,Femin.R,5.8,5.8,5.2,7.9,5.2,3.1,1.6,6,nao.sei,30s,media,176o,feminino,63,3a,periferica,SaoPaulo.capital
R,Qualtrics,Antonio,Antonio.R,Masc.R,6,4.5,5.9,5.1,7.4,0.2,2.1,7.2,oeste,30s,media,177o,feminino,46,2a,periferica,SaoPaulo.interior
T,Qualtrics,Daniela,Daniela.T,Femin.T,7.1,2.7,5,2.6,7.5,6.5,4.1,2.6,sul,20s,media.baixa,177o,feminino,46,2a,periferica,SaoPaulo.interior
T,Qualtrics,Paulo,Paulo.T,Masc.T,3.2,5.9,4.5,3.1,2.7,6.1,3.4,5.7,sul,40s,media,177o,feminino,46,2a,periferica,SaoPaulo.interior
R,Qualtrics,Luisa,Luisa.R,Femin.R,5.5,4,5.2,2.4,4,2.9,3.1,2.7,leste,30s,media.baixa,177o,feminino,46,2a,periferica,SaoPaulo.interior
R,Qualtrics,Antonio,Antonio.R,Masc.R,3.7,4.9,6.5,7.6,6.2,6.1,6.7,4.2,norte,40s,media,178o,feminino,33,1a,central,SaoPaulo.capital
T,Qualtrics,Daniela,Daniela.T,Femin.T,5.6,9.1,6.2,4,6.3,7.6,4.1,8.3,sul,30s,alta,178o,feminino,33,1a,central,SaoPaulo.capital
T,Qualtrics,Paulo,Paulo.T,Masc.T,0.4,7.7,7.4,8.8,0.4,7.8,4.8,5.2,nao.sei,30s,media,178o,feminino,33,1a,central,SaoPaulo.capital
R,Qualtrics,Luisa,Luisa.R,Femin.R,5,6.2,7,4.1,4.4,9.7,7.8,4.7,nao.sei,20s,media,178o,feminino,33,1a,central,SaoPaulo.capital
R,Qualtrics,Antonio,Antonio.R,Masc.R,7.1,4.2,5.1,1.6,4.8,2,8.3,4,nao.sei,30s,media,179o,feminino,53,2a,central,SaoPaulo.capital
T,Qualtrics,Daniela,Daniela.T,Femin.T,5,5.8,4,5.4,4.9,4.9,6.1,2.9,leste,30s,media.baixa,179o,feminino,53,2a,central,SaoPaulo.capital
T,Qualtrics,Paulo,Paulo.T,Masc.T,4.6,5.7,4.9,2.7,5.8,4.2,2.3,7.7,oeste,40s,media,179o,feminino,53,2a,central,SaoPaulo.capital
R,Qualtrics,Luisa,Luisa.R,Femin.R,4.6,7.9,5.4,4,4.4,5.6,3.1,6.3,centro,30s,media,179o,feminino,53,2a,central,SaoPaulo.capital
R,Qualtrics,Antonio,Antonio.R,Masc.R,1.6,4.2,6.4,9.8,2.5,9.3,7.1,8.9,sul,40s,media.alta,180o,feminino,27,1a,periferica,SaoPaulo.capital
T,Qualtrics,Daniela,Daniela.T,Femin.T,7.2,4.7,4.3,2.3,5.9,6.2,6.4,4.2,leste,30s,media,180o,feminino,27,1a,periferica,SaoPaulo.capital
T,Qualtrics,Paulo,Paulo.T,Masc.T,0.4,6,4.6,6.6,5.6,8.7,8.6,3.2,centro,40s,media.baixa,180o,feminino,27,1a,periferica,SaoPaulo.capital
R,Qualtrics,Luisa,Luisa.R,Femin.R,6.1,6.5,7.8,2.1,7.6,0.4,9.9,8,oeste,20s,media.alta,180o,feminino,27,1a,periferica,SaoPaulo.capital
R,Qualtrics,Antonio,Antonio.R,Masc.R,5.1,8.9,7.3,3.9,9.1,8,7.9,8,nao.sei,40s,alta,181o,feminino,36,2a,central,SaoPaulo.interior
T,Qualtrics,Daniela,Daniela.T,Femin.T,9.6,6.4,7.6,0.6,4.4,8.1,8.9,8.7,oeste,30s,media.alta,181o,feminino,36,2a,central,SaoPaulo.interior
T,Qualtrics,Paulo,Paulo.T,Masc.T,3.8,7.8,4.5,9,5.8,9.9,7.5,7.1,nao.sei,20s,media,181o,feminino,36,2a,central,SaoPaulo.interior
R,Qualtrics,Luisa,Luisa.R,Femin.R,5.8,4.4,4.8,1.9,5.6,8.8,7.6,5,nao.sei,30s,media,181o,feminino,36,2a,central,SaoPaulo.interior
R,Qualtrics,Antonio,Antonio.R,Masc.R,5.9,7,5.5,3.5,5,6,2.8,7.4,oeste,30s,media,182o,masculino,28,1a,central,outro.estado
T,Qualtrics,Daniela,Daniela.T,Femin.T,4.8,5.3,4.3,4.4,4.6,4.9,2.4,5.3,centro,20s,media,182o,masculino,28,1a,central,outro.estado
T,Qualtrics,Paulo,Paulo.T,Masc.T,2.4,5.9,5.5,4.7,4.7,5.8,3.1,3.4,leste,20s,media.baixa,182o,masculino,28,1a,central,outro.estado
R,Qualtrics,Luisa,Luisa.R,Femin.R,5.6,5.4,4.1,4,5.3,5.5,2.3,5.5,sul,20s,media.alta,182o,masculino,28,1a,central,outro.estado
R,Qualtrics,Antonio,Antonio.R,Masc.R,3.2,6.2,4.1,4.5,2.1,5.4,2.5,5.7,oeste,30s,media.baixa,183o,masculino,28,1a,periferica,SaoPaulo.capital
T,Qualtrics,Daniela,Daniela.T,Femin.T,10,6.4,6,0.7,2.7,8.8,1.2,6.4,sul,30s,media.alta,183o,masculino,28,1a,periferica,SaoPaulo.capital
T,Qualtrics,Paulo,Paulo.T,Masc.T,3.3,6.6,9.9,5.2,4.9,6,4.5,8.0,centro,20s,media,183o,masculino,28,1a,periferica,SaoPaulo.capital
R,Qualtrics,Luisa,Luisa.R,Femin.R,9.8,2.7,2.9,0.3,8.7,8.5,2,2.7,norte,20s,baixa,183o,masculino,28,1a,periferica,SaoPaulo.capital
R,Qualtrics,Antonio,Antonio.R,Masc.R,2.3,4.3,4.8,7.5,1.3,0.9,0.4,3.0,nao.sei,30s,media,184o,feminino,65,3a,periferica,SaoPaulo.interior
T,Qualtrics,Daniela,Daniela.T,Femin.T,7.3,7.1,4,3.7,4.1,7.1,1,5.4,sul,20s,media.alta,184o,feminino,65,3a,periferica,SaoPaulo.interior
T,Qualtrics,Paulo,Paulo.T,Masc.T,0.7,2.6,2,4,2.3,3.2,1.6,2.7,oeste,40s,media,184o,feminino,65,3a,periferica,SaoPaulo.interior
R,Qualtrics,Luisa,Luisa.R,Femin.R,6,6.8,5.9,3.2,7.3,7.2,0.7,6.4,sul,30s,media,184o,feminino,65,3a,periferica,SaoPaulo.interior
R,Qualtrics,Antonio,Antonio.R,Masc.R,3.7,6.7,6.4,4.5,4.4,6.7,3.6,6.8,centro,30s,media,185o,feminino,43,2a,central,SaoPaulo.capital
T,Qualtrics,Daniela,Daniela.T,Femin.T,7.4,6.4,6.6,4.5,4.6,6,0.9,4.3,nao.sei,20s,media,185o,feminino,43,2a,central,SaoPaulo.capital
T,Qualtrics,Paulo,Paulo.T,Masc.T,4.3,6.5,7.1,6.4,4.9,7.2,0.7,5,leste,30s,media,185o,feminino,43,2a,central,SaoPaulo.capital
R,Qualtrics,Luisa,Luisa.R,Femin.R,5.8,7.9,7.2,5.1,7.1,7.7,0.1,5.7,sul,20s,media.alta,185o,feminino,43,2a,central,SaoPaulo.capital
R,Qualtrics,Antonio,Antonio.R,Masc.R,5.6,6,7,5.6,4.5,4.8,5.1,4.8,nao.sei,30s,media.baixa,186o,masculino,53,2a,periferica,SaoPaulo.capital
T,Qualtrics,Daniela,Daniela.T,Femin.T,4.9,6.3,5.6,5.3,5.5,5.1,0.2,5,sul,30s,media,186o,masculino,53,2a,periferica,SaoPaulo.capital
T,Qualtrics,Paulo,Paulo.T,Masc.T,5.9,6.4,6.5,5.9,4.9,6.9,0.4,5.9,oeste,30s,media,186o,masculino,53,2a,periferica,SaoPaulo.capital
R,Qualtrics,Luisa,Luisa.R,Femin.R,5.5,4.7,5.1,5.9,4.9,4.3,5.1,6.5,nao.sei,20s,media,186o,masculino,53,2a,periferica,SaoPaulo.capital
R,Qualtrics,Antonio,Antonio.R,Masc.R,4.6,5.5,5.1,8.8,4.6,1.1,8.8,8.6,oeste,30s,media,187o,feminino,42,2a,central,SaoPaulo.capital
T,Qualtrics,Daniela,Daniela.T,Femin.T,9,5.6,2.6,1.7,4.1,8.6,0.6,7.2,norte,20s,media,187o,feminino,42,2a,central,SaoPaulo.capital
T,Qualtrics,Paulo,Paulo.T,Masc.T,1.9,5.2,4.8,9.9,1.9,8.2,1.7,2.5,leste,30s,media.baixa,187o,feminino,42,2a,central,SaoPaulo.capital
R,Qualtrics,Luisa,Luisa.R,Femin.R,4.7,4.4,4.3,0.2,8.2,8.1,1.2,9,sul,20s,media.alta,187o,feminino,42,2a,central,SaoPaulo.capital
R,Qualtrics,Antonio,Antonio.R,Masc.R,3.7,5.1,7.1,4.1,9.8,4.5,2.2,4.5,oeste,30s,media.baixa,188o,feminino,24,1a,periferica,SaoPaulo.capital
T,Qualtrics,Daniela,Daniela.T,Femin.T,9.7,7.3,4.2,3.6,7.7,6.9,2.2,7.9,sul,20s,media,188o,feminino,24,1a,periferica,SaoPaulo.capital
T,Qualtrics,Paulo,Paulo.T,Masc.T,5.6,8,7.9,6.8,3.6,9.4,8.7,6.2,sul,30s,media,188o,feminino,24,1a,periferica,SaoPaulo.capital
R,Qualtrics,Luisa,Luisa.R,Femin.R,7.9,6.5,6,0,7.9,2.3,9.7,5.7,nao.sei,20s,media.baixa,188o,feminino,24,1a,periferica,SaoPaulo.capital
R,Qualtrics,Antonio,Antonio.R,Masc.R,4,4.5,4.6,7.6,3.2,8,6.3,9.1,centro,30s,media,189o,feminino,20,1a,periferica,SaoPaulo.capital
T,Qualtrics,Daniela,Daniela.T,Femin.T,4.7,5.1,5.2,1.4,4,7.5,5.1,3,leste,20s,media.baixa,189o,feminino,20,1a,periferica,SaoPaulo.capital
T,Qualtrics,Paulo,Paulo.T,Masc.T,0.8,5.6,7.9,6.3,4.8,7.9,6.4,4.4,sul,40s,media.baixa,189o,feminino,20,1a,periferica,SaoPaulo.capital
R,Qualtrics,Luisa,Luisa.R,Femin.R,4.5,5.9,6.2,5.8,6.3,3.4,6,2.4,nao.sei,10s,media.baixa,189o,feminino,20,1a,periferica,SaoPaulo.capital
R,Qualtrics,Antonio,Antonio.R,Masc.R,3.8,4.6,5.6,3,2.3,4.9,2.2,5.7,nao.sei,30s,media,190o,masculino,45,2a,periferica,SaoPaulo.capital
T,Qualtrics,Daniela,Daniela.T,Femin.T,7.6,4.2,5.4,2.4,7.9,6.3,6.5,6.8,oeste,20s,media.alta,190o,masculino,45,2a,periferica,SaoPaulo.capital
T,Qualtrics,Paulo,Paulo.T,Masc.T,3.9,4.4,5.4,6,2.9,2.5,3.5,4.6,centro,30s,media,190o,masculino,45,2a,periferica,SaoPaulo.capital
R,Qualtrics,Luisa,Luisa.R,Femin.R,7.9,3.8,5.1,3.7,5.1,7.8,7,3.9,leste,20s,media.baixa,190o,masculino,45,2a,periferica,SaoPaulo.capital
R,Qualtrics,Antonio,Antonio.R,Masc.R,5.3,7,5.6,2.4,4.9,6.9,8.9,4.8,nao.sei,30s,media,191o,masculino,23,1a,periferica,SaoPaulo.interior
T,Qualtrics,Daniela,Daniela.T,Femin.T,6.5,7.9,2.2,1.1,4.6,9.2,7.6,7.6,sul,20s,media.alta,191o,masculino,23,1a,periferica,SaoPaulo.interior
T,Qualtrics,Paulo,Paulo.T,Masc.T,2.8,7.7,7.7,6.4,5.2,8.5,7.6,5.8,nao.sei,20s,media,191o,masculino,23,1a,periferica,SaoPaulo.interior
R,Qualtrics,Luisa,Luisa.R,Femin.R,7.7,7.9,2.6,0.9,5.5,8.3,7.8,9.1,sul,20s,media.alta,191o,masculino,23,1a,periferica,SaoPaulo.interior
R,Qualtrics,Antonio,Antonio.R,Masc.R,6.2,6.1,7.5,2.4,8.5,7.7,6.4,6.9,nao.sei,30s,media,192o,masculino,21,1a,central,outro.estado
T,Qualtrics,Daniela,Daniela.T,Femin.T,6.6,7.6,7.5,7.5,6.1,9,8.9,8,sul,20s,media.alta,192o,masculino,21,1a,central,outro.estado
T,Qualtrics,Paulo,Paulo.T,Masc.T,3.4,3.3,5.8,6.6,5.3,8.7,9.8,1.6,leste,40s,media,192o,masculino,21,1a,central,outro.estado
R,Qualtrics,Luisa,Luisa.R,Femin.R,6.1,7.4,4.5,6.6,2.3,4.9,6.1,4,norte,20s,media,192o,masculino,21,1a,central,outro.estado
R,Qualtrics,Antonio,Antonio.R,Masc.R,5.3,2.8,5.1,3.2,7.8,3.3,4.7,1.8,oeste,20s,media.baixa,193o,masculino,28,1a,central,SaoPaulo.interior
T,Qualtrics,Daniela,Daniela.T,Femin.T,9.6,4.7,5.7,3.5,2.7,7.4,4,6.8,centro,20s,media.alta,193o,masculino,28,1a,central,SaoPaulo.interior
T,Qualtrics,Paulo,Paulo.T,Masc.T,4.3,4.4,2.8,4.1,3,4.3,4.4,3.5,leste,30s,media,193o,masculino,28,1a,central,SaoPaulo.interior
R,Qualtrics,Luisa,Luisa.R,Femin.R,2.5,6.6,6.8,3.9,6.2,4.4,0.4,5.5,nao.sei,20s,media,193o,masculino,28,1a,central,SaoPaulo.interior
R,Qualtrics,Antonio,Antonio.R,Masc.R,2.6,6.5,6.1,0.3,6,0,6.4,7,oeste,30s,media.alta,194o,masculino,25,1a,central,SaoPaulo.capital
T,Qualtrics,Daniela,Daniela.T,Femin.T,6.6,3.3,2.8,0.7,5.5,9.3,1.8,2.3,sul,20s,media,194o,masculino,25,1a,central,SaoPaulo.capital
T,Qualtrics,Paulo,Paulo.T,Masc.T,0.2,3.5,4.5,7.5,5.6,6.4,1.1,0.2,norte,20s,media.baixa,194o,masculino,25,1a,central,SaoPaulo.capital
R,Qualtrics,Luisa,Luisa.R,Femin.R,4.2,9.1,5.7,2.6,7.6,5.9,4.5,9.9,leste,30s,media,194o,masculino,25,1a,central,SaoPaulo.capital
R,Qualtrics,Antonio,Antonio.R,Masc.R,1.4,5.3,5.5,1.3,5.3,8.3,2.3,7.8,nao.sei,30s,media,195o,feminino,20,1a,periferica,SaoPaulo.capital
T,Qualtrics,Daniela,Daniela.T,Femin.T,9,6.9,5.7,4.2,5.7,9.2,5.4,2.6,leste,30s,media.baixa,195o,feminino,20,1a,periferica,SaoPaulo.capital
T,Qualtrics,Paulo,Paulo.T,Masc.T,0.4,6.8,6.7,4.9,1.1,9.2,5.4,7.9,nao.sei,40s,media,195o,feminino,20,1a,periferica,SaoPaulo.capital
R,Qualtrics,Luisa,Luisa.R,Femin.R,2.4,8.6,7.6,3.7,6,9.2,5.5,9.9,sul,20s,media.alta,195o,feminino,20,1a,periferica,SaoPaulo.capital
R,Qualtrics,Antonio,Antonio.R,Masc.R,1.4,4.4,3.6,5,2.7,7.9,0.5,8.1,oeste,40s,media,196o,masculino,25,1a,central,SaoPaulo.interior
T,Qualtrics,Daniela,Daniela.T,Femin.T,6.7,9,7.1,5.1,5.1,7,0.6,7.3,norte,30s,media.alta,196o,masculino,25,1a,central,SaoPaulo.interior
T,Qualtrics,Paulo,Paulo.T,Masc.T,3.5,4.3,2.1,3.1,1.7,4.9,4.6,2.9,centro,20s,media.baixa,196o,masculino,25,1a,central,SaoPaulo.interior
R,Qualtrics,Luisa,Luisa.R,Femin.R,5.6,7.5,4.3,2.3,4.1,3.2,8.5,5.9,sul,20s,media,196o,masculino,25,1a,central,SaoPaulo.interior
R,Qualtrics,Antonio,Antonio.R,Masc.R,4.4,6.4,8,3.1,7.5,4.9,5.5,4.6,nao.sei,30s,media.alta,197o,masculino,29,1a,central,SaoPaulo.capital
T,Qualtrics,Daniela,Daniela.T,Femin.T,7.6,6.8,6.5,7.3,5.2,7,5.3,7.7,nao.sei,30s,media.alta,197o,masculino,29,1a,central,SaoPaulo.capital
T,Qualtrics,Paulo,Paulo.T,Masc.T,5.9,6.7,5,5.7,6,7.6,4.7,4.9,nao.sei,30s,media,197o,masculino,29,1a,central,SaoPaulo.capital
R,Qualtrics,Luisa,Luisa.R,Femin.R,6.1,7.4,6.4,4.6,5.8,9.3,5.4,7.6,nao.sei,20s,media.alta,197o,masculino,29,1a,central,SaoPaulo.capital
R,Qualtrics,Antonio,Antonio.R,Masc.R,5.7,7.7,4,4.6,4.3,9.8,4.9,6.1,norte,30s,media.alta,198o,masculino,22,1a,central,SaoPaulo.capital
T,Qualtrics,Daniela,Daniela.T,Femin.T,5.7,5.7,3.8,2.9,4.2,9,5.1,6.9,oeste,30s,media.alta,198o,masculino,22,1a,central,SaoPaulo.capital
T,Qualtrics,Paulo,Paulo.T,Masc.T,5.6,5.2,5.4,4.6,4.4,6.8,5.5,5.2,oeste,40s,media,198o,masculino,22,1a,central,SaoPaulo.capital
R,Qualtrics,Luisa,Luisa.R,Femin.R,4.8,3.4,4.4,3.9,5.1,1.2,5.6,5.2,sul,30s,media,198o,masculino,22,1a,central,SaoPaulo.capital
R,Qualtrics,Antonio,Antonio.R,Masc.R,6.4,7.7,5.4,3.5,7.2,4.1,7.8,7.6,nao.sei,30s,media.alta,199o,masculino,24,1a,central,outro.estado
T,Qualtrics,Daniela,Daniela.T,Femin.T,5.6,5.8,5.5,2.8,5.3,6.4,7.8,1.6,leste,20s,media.baixa,199o,masculino,24,1a,central,outro.estado
T,Qualtrics,Paulo,Paulo.T,Masc.T,5.8,6.9,6.1,7.2,4.8,6.9,5.1,8.8,sul,40s,media.alta,199o,masculino,24,1a,central,outro.estado
R,Qualtrics,Luisa,Luisa.R,Femin.R,6.5,6.8,7.8,4.9,6.5,7.8,9.3,8,oeste,20s,media,199o,masculino,24,1a,central,outro.estado
R,Qualtrics,Antonio,Antonio.R,Masc.R,4,6.1,6,7.9,4.5,3.3,6.2,5.6,oeste,30s,media,200o,feminino,25,1a,central,SaoPaulo.interior
T,Qualtrics,Daniela,Daniela.T,Femin.T,6.9,7.4,2.6,2.6,6.8,6.8,7.6,6.9,centro,20s,media.alta,200o,feminino,25,1a,central,SaoPaulo.interior
T,Qualtrics,Paulo,Paulo.T,Masc.T,4.9,6.4,6.6,7.5,7.6,3.8,6.6,4,centro,30s,media,200o,feminino,25,1a,central,SaoPaulo.interior
R,Qualtrics,Luisa,Luisa.R,Femin.R,5.5,7.9,7.3,7.1,7.6,7.6,6.7,7.7,centro,30s,media,200o,feminino,25,1a,central,SaoPaulo.interior
